Player,strength_E,last_team,last_season
Aaron Connolly,0.002486502867827768,Brighton and Hove Albion,2021
Aaron Cresswell,0.006359105772334301,West Ham United,2023
Aaron Hickey,0.003854693826374306,Brentford,2023
Aaron Lennon,0.0026313329027493723,Burnley,2021
Aaron Mooy,0.009646700534716177,Brighton and Hove Albion,2019
Aaron Ramsdale,0.03380200731857667,Arsenal,2023
Aaron Ramsey,0.004263527094209107,Burnley,2023
Aaron Rowe,0.0005619277318177,Huddersfield,2018
Aaron Wan-Bissaka,0.008636663765075539,Manchester United,2023
Abdelhamid Sabiri,0.0013414270646464393,Huddersfield,2018
Abdoulaye Doucouré,0.008392709509218487,Everton,2023
Abdul Baba Rahman,0.0051396084487788,Chelsea,2015
Abel Hernández,0.0065700427007601,Hull City,2016
Aboubakar Kamara,0.0026896414448362234,Fulham,2020
Adam Armstrong,0.005541080980210941,Southampton,2022
Adam Clayton,0.0067039041991097,Middlesbrough,2016
Adam Federici,0.007656263001857644,Bournemouth,2016
Adam Forshaw,0.003483213964798953,Leeds,2022
Adam Idah,0.0024985846673934308,Norwich,2021
Adam Johnson,0.0061395250840642,Sunderland,2015
Adam Lallana,0.0046874853997424465,Brighton and Hove Albion,2023
Adam Masina,0.004437155999261444,Watford,2021
Adam Matthews,0.0008391306625209,Sunderland,2015
Adam Smith,0.006886641628502805,Bournemouth,2023
Adam Webster,0.00721785933293256,Brighton and Hove Albion,2023
Adam Wharton,0.0058753319170756,Crystal Palace,2023
Adama Diakhaby,0.0023535450545186,Huddersfield,2018
Adama Diomandé,0.0054312829584464,Hull City,2016
Adama Traoré,0.00743563091673852,Fulham,2023
Ademola Lookman,0.007701766732947874,Leicester City,2021
Adlène Guédioura,0.0023072668475846575,Middlesbrough,2016
Adnan Januzaj,0.0036325859722883473,Sunderland,2016
Adrian Mariappa,0.004801655761151253,Watford,2019
Adrien Silva,0.0017667104940317362,Leicester City,2018
Adrián,0.016578801416105,Liverpool,2020
Ahmed El-Mohamady,0.004924389638363241,Aston Villa,2020
Ahmed Hegazy,0.004047021984309786,West Brom,2020
Ahmed Musa,0.0022357182284293998,Leicester City,2016
Aiden O'Neill,0.0005600089764585,Burnley,2016
Ainsley Maitland-Niles,0.0032246105619989705,Southampton,2022
Akin Famewo,0.0007665592520296,Norwich,2019
Alan Hutton,0.0068720329033131,Aston Villa,2015
Albert Adomah,0.0006845908301709,Middlesbrough,2016
Albert Sambi Lokonga,0.003528135887320023,Luton,2023
Alberto Moreno,0.0040882269228837715,Liverpool,2018
Alberto Paloschi,0.0030780181407868,Swansea,2015
Albian Ajeti,0.0011712012622987,West Ham United,2019
Aleix García,0.0008721361490634,Manchester City,2016
Alejandro Garnacho,0.005501501597035328,Manchester United,2023
Alejo Veliz,0.0007772020725387999,Tottenham Hotspur,2023
Alejo Véliz,0.0009365523212908,Tottenham Hotspur,2023
Aleksandar Dragović,0.0036140770038816,Leicester City,2017
Aleksandar Kolarov,0.009543991827525739,Manchester City,2016
Aleksandar Mitrović,0.00668024379825659,Fulham,2023
Alessandro Diamanti,0.0016431978800921,Watford,2015
Alex Iwobi,0.009249703428851508,Fulham,2023
Alex Král,0.0005208943566711,West Ham United,2021
Alex Matos,0.0007772020725387999,Chelsea,2023
Alex McCarthy,0.024597766265167957,Southampton,2022
Alex Mighten,0.0007978723404255,Nottingham Forest,2022
Alex Murphy,0.0007364310252224,Newcastle United,2023
Alex Oxlade-Chamberlain,0.0039205233283944214,Liverpool,2022
Alex Pritchard,0.004822319016193545,Huddersfield,2018
Alex Scott,0.0026859545264055,Bournemouth,2023
Alex Song,0.0022964417866528,West Ham United,2015
Alex Telles,0.005012609803517781,Manchester United,2021
Alexander Isak,0.013942202142839448,Newcastle United,2023
Alexander Sørloth,0.0012326637762532205,Crystal Palace,2018
Alexander Tettey,0.005367993966536462,Norwich,2019
Alexandre Jankewitz,0.0005114337518144,Southampton,2020
Alexandre Lacazette,0.015033327957526637,Arsenal,2021
Alexandre Pato,0.0018471319119396,Chelsea,2015
Alexis Mac Allister,0.009876481013641058,Liverpool,2023
Alexis Sánchez,0.017202426088176792,Manchester United,2018
Alfie Doughty,0.0104177604361659,Luton,2023
Alfie Gilchrist,0.001262644881771,Chelsea,2023
Alfie Mawson,0.0067556177466620865,Fulham,2018
Alfred N'Diaye,0.0019988809173899,Hull City,2016
Alireza Jahanbakhsh,0.0028253442702559557,Brighton and Hove Albion,2020
Alisson,0.04181326694024861,Liverpool,2023
Allan,0.004886281197681627,Everton,2021
Allan Nyom,0.007420022065788851,West Brom,2017
Allan Saint-Maximin,0.010438744973676261,Newcastle United,2022
Allan Tchaptchet,0.0007540095093989,Southampton,2020
Almen Abdi,0.0045969719965146,Watford,2015
Alphonse Aréola,0.023845450916168534,West Ham United,2023
Aly Cissokho,0.0052087647907924,Aston Villa,2015
Amad Diallo,0.0028621437195064194,Manchester United,2023
Amadou Diallo,0.0007772020725387999,Newcastle United,2023
Amadou Onana,0.005408297172055861,Everton,2023
Amari'i Bell,0.0074673834789828,Luton,2023
Ameen Al-Dakhil,0.0033323480548586,Burnley,2023
Anass Zaroury,0.0014536753593833,Burnley,2023
Ander Herrera,0.007710165451232131,Manchester United,2018
Andi Zeqiri,0.0009294536866363,Brighton and Hove Albion,2020
Andre Brooks,0.0019052161540069998,Sheffield Utd,2023
Andre Gray,0.006983259114820928,Watford,2019
Andre Green,0.0005837381217643,Aston Villa,2015
Andre Schürrle,0.006690084181031401,Fulham,2018
Andre Wisdom,0.002810847671982,Norwich,2015
Andrea Ranocchia,0.0050121858597393,Hull City,2016
Andreas Christensen,0.006272361494110532,Chelsea,2021
Andreas Pereira,0.008221113087830833,Fulham,2023
Andrej Kramarić,0.0008914471953716,Leicester City,2015
Andrew Eleftheriou,0.0010076928591287,Watford,2016
Andrew Moran,0.00046864788402709994,Brighton and Hove Albion,2022
Andrew Omobamidele,0.0025894814269275855,Nottingham Forest,2023
Andrew Robertson,0.009516646587588244,Liverpool,2023
Andrew Surman,0.004836564989043393,Bournemouth,2019
Andrey Santos,0.000482896307607,Nottingham Forest,2023
Andriy Yarmolenko,0.003511998045612885,West Ham United,2021
Andros Townsend,0.008112729729384701,Luton,2023
André Ayew,0.004042749513993562,Nottingham Forest,2022
André Carrillo,0.007478298872154201,Watford,2017
André Gomes,0.0022407289422002514,Everton,2023
André Onana,0.0471835986595966,Manchester United,2023
André Zambo Anguissa,0.008317347783689555,Fulham,2020
Andy Carroll,0.0043722477711744725,Newcastle United,2020
Andy King,0.002540054014371408,Swansea,2017
Anel Ahmedhodžić,0.0083401372334717,Sheffield Utd,2023
Angel Gomes,0.0010941925705687473,Manchester United,2019
Angeliño,0.0027332412578418,Manchester City,2019
Angelo Ogbonna,0.004681259355431421,West Ham United,2023
Angus Gunn,0.015814006622431306,Norwich,2021
Anis Ben Slimane,0.001433040723474,Sheffield Utd,2023
Ansu Fati,0.002359908302339,Brighton and Hove Albion,2023
Anthony Elanga,0.004997723690516794,Nottingham Forest,2023
Anthony Gordon,0.010113985573192003,Newcastle United,2023
Anthony Knockaert,0.007772240601442263,Brighton and Hove Albion,2018
Anthony Martial,0.008418039255613767,Manchester United,2023
Antoine Semenyo,0.004291121886433123,Bournemouth,2023
Antonee Robinson,0.011118295834414652,Fulham,2023
Antonio Barragán,0.009084454159882899,Middlesbrough,2016
Antonio Barreca,0.0007745949151903,Newcastle United,2018
Antonio Rüdiger,0.009562416560079978,Chelsea,2021
Antonio Valencia,0.006634613638578359,Manchester United,2018
Antony,0.005301177846958764,Manchester United,2023
Antwoine Hackford,0.0008276501981331285,Sheffield Utd,2023
Anwar El Ghazi,0.003436833833847737,Everton,2021
Arijanet Murić,0.0142529420073883,Burnley,2023
Armando Broja,0.003983563515756631,Fulham,2023
Armel Bella-Kotchap,0.0072138298369276,Southampton,2022
Arnaut Danjuma,0.0015182039886517883,Everton,2023
Aron Gunnarsson,0.0043476335821371,Cardiff,2018
Arouna Koné,0.0032916844591005866,Everton,2016
Arthur Masuaku,0.004236864294345027,West Ham United,2021
Artur Boruc,0.02906099025679679,Bournemouth,2018
Ashley Barnes,0.007362568282351709,Burnley,2021
Ashley Fletcher,0.0011022707204451964,Watford,2021
Ashley Westwood,0.008230534349068655,Burnley,2021
Ashley Williams,0.009299017563520574,Everton,2017
Ashley Young,0.00646948718968141,Everton,2023
Asmir Begović,0.013602412620669236,Everton,2022
Auston Trusty,0.0079248145592933,Sheffield Utd,2023
Axel Disasi,0.0106157776344482,Chelsea,2023
Axel Tuanzebe,0.0019048324330882011,Aston Villa,2021
Aymeric Laporte,0.005738785760230609,Manchester City,2023
Ayoze Pérez,0.006513324892620814,Leicester City,2022
Bacary Sagna,0.007277873179469482,Manchester City,2016
Badou Ndiaye,0.0021614030343149,Stoke City,2017
Bafetimbi Gomis,0.0129835608819152,Swansea,2015
Bailey Peacock-Farrell,0.0083353767535902,Burnley,2020
Baily Cargill,0.0007982781904048,Bournemouth,2016
Bakary Sako,0.001547153056294715,Crystal Palace,2018
Bali Mumba,0.0008193989185704,Norwich,2021
Bart Verbruggen,0.0282992718040698,Brighton and Hove Albion,2023
Bastian Schweinsteiger,0.0039988231289345,Manchester United,2015
Ben Brereton Díaz,0.004736378544220499,Sheffield Utd,2023
Ben Chilwell,0.006642231674418718,Chelsea,2023
Ben Davies,0.006782237048463716,Tottenham Hotspur,2023
Ben Doak,0.0007862520015525829,Liverpool,2023
Ben Foster,0.04140153772678668,Watford,2021
Ben Gibson,0.0062032926220178764,Norwich,2021
Ben Godfrey,0.005357465924016551,Everton,2023
Ben Hamer,0.009166051380081976,Huddersfield,2018
Ben Johnson,0.002912871044994029,West Ham United,2023
Ben Mee,0.007776730686038031,Brentford,2023
Ben Osborn,0.0034006444447616177,Sheffield Utd,2023
Ben Parkinson,0.0007772020725387999,Newcastle United,2023
Ben Pearson,0.0007384315547189,Bournemouth,2022
Ben Watson,0.002865812971199917,Watford,2017
Ben White,0.01104479660452238,Arsenal,2021
Ben Wilmot,0.0007977142769714,Watford,2018
Ben Woodburn,0.0008959757616594113,Liverpool,2017
Beni Baningime,0.0006553997782654,Everton,2017
Benicio Boaitey,0.0007772020725387999,Brighton and Hove Albion,2023
Benie Traore,0.0012465542871999,Sheffield Utd,2023
Benik Afobe,0.0062907331180473425,Bournemouth,2017
Benjamin Mendy,0.003809723275598697,Manchester City,2021
Benjamin White,0.010814243726761123,Arsenal,2023
Benoît Badiashile,0.005637899256424204,Chelsea,2023
Beram Kayal,0.0017380383933727178,Brighton and Hove Albion,2018
Bernard,0.005672335371199822,Everton,2020
Bernardo,0.0033171011409625214,Brighton and Hove Albion,2020
Bernardo Espinosa,0.0040243137527079,Middlesbrough,2016
Bernardo Silva,0.01780520404065559,Manchester City,2023
Bernd Leno,0.036903388323653634,Fulham,2023
Bersant Celina,0.0005741998622641,Manchester City,2015
Bertrand Traoré,0.002653240533787713,Aston Villa,2023
Beto,0.0050396740673324,Everton,2023
Billy Gilmour,0.004823694343447153,Brighton and Hove Albion,2023
Billy Jones,0.0070171957458109845,Sunderland,2016
Billy Sharp,0.004852550042613024,Sheffield Utd,2020
Björn Engels,0.0051935937978162,Aston Villa,2019
Boaz Myhill,0.01345042730091351,West Brom,2017
Bobby Clark,0.0005249690501042683,Liverpool,2023
Bobby Decordova-Reid,0.005515213104479896,Fulham,2023
Bobby Reid,0.005035097245880425,Fulham,2022
Bojan Krkić,0.004530951775736814,Stoke City,2017
Borja Bastón,0.0014326654297260064,Aston Villa,2019
Boubacar Kamara,0.006671374014675917,Aston Villa,2023
Boubacar Traoré,0.0014059821977176813,Wolverhampton Wanderers,2023
Boubakary Soumaré,0.003372702556709239,Leicester City,2022
Brad Guzan,0.023766836906474274,Middlesbrough,2016
Bradley Johnson,0.0005825979849847,Norwich,2015
Bradley Smith,0.0016599949449516622,Bournemouth,2016
Brahim Díaz,0.0005436238423163,Manchester City,2017
Brandon Aguilera,0.000479233226837,Nottingham Forest,2023
Brandon Mason,0.0012621176898609,Watford,2016
Brandon Pierrick,0.0010958600066132,Crystal Palace,2019
Brandon Williams,0.004607548453800943,Norwich,2021
Branislav Ivanović,0.003953279244193322,West Brom,2020
Brede Hangeland,0.0024154016909693,Crystal Palace,2015
Brenden Aaronson,0.0069382994451491,Leeds,2022
Brendon Galloway,0.0025765343396454547,West Brom,2016
Brennan Johnson,0.011848767840879149,Tottenham Hotspur,2023
Bruno Ecuele Manga,0.0102122359298331,Cardiff,2018
Bruno Fernandes,0.015574943960491923,Manchester United,2023
Bruno Guimarães,0.010890206012454712,Newcastle United,2023
Bruno Jordão,0.0005639490879795,Wolverhampton Wanderers,2019
Bruno Martins Indi,0.006361182940709387,Stoke City,2017
Bruno Saltor,0.005163139452360486,Brighton and Hove Albion,2018
Bryan Gil,0.0017354433546201444,Tottenham Hotspur,2023
Bryan Mbeumo,0.016029826127026036,Brentford,2023
Bryan Oviedo,0.005088702419644741,Sunderland,2016
Bukayo Saka,0.02109885136438165,Arsenal,2023
CJ Egan-Riley,0.0007514819670285,Manchester City,2021
Cafú,0.0004685524623001,Nottingham Forest,2022
Caleb Watts,0.0005181244453192,Southampton,2020
Callum Hudson-Odoi,0.0075058977095732796,Nottingham Forest,2023
Callum McManaman,0.0011639146016583,West Brom,2015
Callum Paterson,0.0090269868363536,Cardiff,2018
Callum Robinson,0.004303743061921285,West Brom,2020
Callum Slattery,0.0006411596356665,Southampton,2018
Callum Wilson,0.011209370203159843,Newcastle United,2023
Callumm Connolly,0.000811956164866,Everton,2015
Calum Chambers,0.0034171411486928712,Aston Villa,2023
Calvin Bassey,0.0080217876202034,Fulham,2023
Cameron Archer,0.00506336973719497,Sheffield Utd,2023
Cameron Borthwick-Jackson,0.0035302144283031996,Manchester United,2015
Cameron Brannagan,0.0010315090289657,Liverpool,2015
Cameron Jerome,0.0062338602003622,Norwich,2015
Cameron Peupion,0.0004723560849403,Brighton and Hove Albion,2022
Camilo Zúñiga,0.0032479262658092,Watford,2016
Caoimhin Kelleher,0.009184747182604437,Liverpool,2023
Carl Jenkinson,0.0018955755520836286,Arsenal,2018
Carles Gil,0.0089041880492788,Aston Villa,2015
Carlos Alcaraz,0.0028206027263158995,Southampton,2022
Carlos Baleba,0.0034432356971973,Brighton and Hove Albion,2023
Carlos Sánchez,0.0011057037611666703,West Ham United,2019
Carlos Vinícius,0.004186967541998678,Fulham,2023
Carlton Morris,0.013624699116419902,Luton,2023
Carney Chukwuemeka,0.001408913293658204,Chelsea,2023
Casemiro,0.007564469111513204,Manchester United,2023
Cauley Woodrow,0.0023547106642494,Luton,2023
Cengiz Ünder,0.0011369495550874003,Leicester City,2020
Cenk Tosun,0.0030113545433478298,Everton,2021
Cesare Casadei,0.0005202661053323,Chelsea,2023
Cesc Fàbregas,0.009783189842743841,Chelsea,2018
Chancel Mbemba,0.005538518554109008,Newcastle United,2017
Charles N'Zogbia,0.0005198918516079,Aston Villa,2015
Charlie Adam,0.002721347060218831,Stoke City,2017
Charlie Austin,0.003941406031414154,West Brom,2020
Charlie Cresswell,0.0012803263146079,Leeds,2021
Charlie Daniels,0.006512152690906428,Bournemouth,2019
Charlie Goode,0.0018327460676323,Brentford,2021
Charlie Taylor,0.007481719160219232,Burnley,2023
Charly Musonda Jr,0.000610367755428,Chelsea,2017
Che Adams,0.012926553886998466,Southampton,2022
Cheick Doucouré,0.005352032833651193,Crystal Palace,2023
Cheik Tiote,0.0040390875714232,Newcastle United,2015
Cheikhou Kouyaté,0.0043110041841048835,Nottingham Forest,2023
Chem Campbell,0.0006574480496764028,Wolverhampton Wanderers,2022
Chiedozie Ogbene,0.0067786582549857,Luton,2023
Chiquinho,0.0019291665728595,Wolverhampton Wanderers,2021
Chris Basham,0.005587792502118477,Sheffield Utd,2023
Chris Brunt,0.006257370951628096,West Brom,2017
Chris Löwe,0.006111284077858935,Huddersfield,2018
Chris Mepham,0.0044043093547865,Bournemouth,2023
Chris Richards,0.004659790287412241,Crystal Palace,2023
Chris Smalling,0.008100585393649983,Manchester United,2018
Chris Wood,0.009620656318157667,Nottingham Forest,2023
Christian Atsu,0.003436943045786309,Newcastle United,2019
Christian Benteke,0.008268199590734064,Crystal Palace,2021
Christian Eriksen,0.010197958839405667,Manchester United,2023
Christian Fuchs,0.005256834695011985,Leicester City,2020
Christian Kabasele,0.005093792882425885,Watford,2021
Christian Nørgaard,0.007508076780017766,Brentford,2023
Christian Pulišić,0.007205624919019925,Chelsea,2022
Christian Stuani,0.0034031044949690997,Middlesbrough,2016
Christoph Zimmermann,0.0026699992711444235,Norwich,2021
Christopher Nkunku,0.0033158218427714,Chelsea,2023
Christopher Schindler,0.011478767686617508,Huddersfield,2018
Christos Tzolis,0.0023226619717308,Norwich,2021
Chung-yong Lee,0.0013753818681849395,Crystal Palace,2017
Ciaran Clark,0.004224371569208863,Newcastle United,2021
Claudio Bravo,0.012585650056512219,Manchester City,2019
Claudio Yacob,0.0028273740662984976,West Brom,2017
Clinton N'Jie,0.001969695330185,Tottenham Hotspur,2015
Clément Lenglet,0.005920735685821157,Aston Villa,2023
Cody Drameh,0.0011441781072541624,Leeds,2022
Cody Gakpo,0.011824760471900852,Liverpool,2023
Cole Palmer,0.0077971262011563,Chelsea,2023
Collin Quaner,0.0027411256774675973,Huddersfield,2018
Connor Goldson,0.0011739340659724,Brighton and Hove Albion,2017
Connor Randall,0.0011998467183226,Liverpool,2015
Connor Roberts,0.0033888185695498422,Burnley,2023
Connor Ronan,0.0004674010604958,Wolverhampton Wanderers,2022
Connor Wickham,0.00277232322179546,Crystal Palace,2019
Conor Bradley,0.003040930632116,Liverpool,2023
Conor Coady,0.009096389287860732,Everton,2022
Conor Coventry,0.00046728971962610005,West Ham United,2022
Conor Gallagher,0.010002478307200113,Chelsea,2023
Conor Hourihane,0.0033021631218124797,Aston Villa,2020
Conor Townsend,0.0080538896477484,West Brom,2020
Costel Pantilimon,0.011907790639893792,Watford,2016
Craig Cathcart,0.006665726367693276,Watford,2021
Craig Dawson,0.006909416738084739,Wolverhampton Wanderers,2023
Craig Gardner,0.003339837190960468,West Brom,2016
Cristian Gamboa,0.0008124607538614,West Brom,2015
Cristian Romero,0.010547344798549196,Tottenham Hotspur,2023
Cristiano Ronaldo,0.008389541039333297,Manchester United,2022
Crysencio Summerville,0.0023384841280104703,Leeds,2022
Cucho Hernández,0.0057352125927573,Watford,2021
Cuco Martina,0.00540985978435861,Everton,2017
Curtis Davies,0.0082861182193737,Hull City,2016
Curtis Jones,0.003700562293125275,Liverpool,2023
Cyrus Christie,0.0060363222714586995,Fulham,2018
Cédric Soares,0.00373241582605223,Arsenal,2023
César Azpilicueta,0.010636665992014755,Chelsea,2022
Daiki Hashioka,0.0026472205641443,Luton,2023
Dale Stephens,0.0038399279285820974,Burnley,2021
Daley Blind,0.007213605781189282,Manchester United,2017
Dame N'Doye,0.0027527872334323997,Sunderland,2015
Damien Delaney,0.004621082129503479,Crystal Palace,2017
Dan Burn,0.009660293221225021,Newcastle United,2023
Dan Chesters,0.0005208333333333,West Ham United,2021
Dan Gosling,0.002811386330161493,Watford,2021
Dan N'Lundulu,0.0017459549965147,Southampton,2020
Dane Scarlett,0.0008064573954342719,Tottenham Hotspur,2023
Dango Ouattara,0.006580514496879683,Bournemouth,2023
Dani Ceballos,0.0075214557443049656,Arsenal,2020
Daniel Agyei,0.0008379888268156,Burnley,2016
Daniel Amartey,0.0047441064858578935,Leicester City,2022
Daniel Ayala,0.0037552285699929,Middlesbrough,2016
Daniel Bachmann,0.0163311651035729,Watford,2021
Daniel Bentley,0.007668668203596672,Wolverhampton Wanderers,2023
Daniel Gore,0.0004794569447039,Manchester United,2023
Daniel Iversen,0.0162474612914104,Leicester City,2022
Daniel James,0.006102092097748461,Fulham,2022
Daniel Jebbison,0.0011362373786229076,Sheffield Utd,2023
Daniel Muñoz,0.0070373132026108004,Crystal Palace,2023
Daniel Podence,0.008290127071236109,Wolverhampton Wanderers,2022
Daniel Sturridge,0.004984567823490417,Liverpool,2018
Daniel Ward,0.0035719975318545395,Cardiff,2018
Danilo,0.004757136856221386,Nottingham Forest,2023
Danny Drinkwater,0.0039140601530772675,Aston Villa,2019
Danny Graham,0.0014878051362515001,Sunderland,2015
Danny Ings,0.009167850020806275,West Ham United,2023
Danny Rose,0.0043302400240685735,Watford,2021
Danny Simpson,0.005693815614987151,Leicester City,2018
Danny Ward,0.019539942772381923,Leicester City,2022
Danny Welbeck,0.008354161824966006,Brighton and Hove Albion,2023
Danny Williams,0.0012678791892137254,Huddersfield,2018
Dara O'Shea,0.008450042591757937,Burnley,2023
Darko Gyabi,0.0004705669555867,Leeds,2022
Darnell Furlong,0.0085806130662867,West Brom,2020
Darren Fletcher,0.006532072139222657,Stoke City,2017
Darren Randolph,0.010281572445299742,West Ham United,2020
Darron Gibson,0.0010595909825212122,Sunderland,2016
Darwin Núñez,0.015090274104502189,Liverpool,2023
Daryl Janmaat,0.005507785573754013,Watford,2019
David Brooks,0.0017769802888590986,Bournemouth,2023
David Button,0.006062964661638565,West Brom,2020
David Datro Fofana,0.00404379881935586,Burnley,2023
David De Gea,0.043951725818329825,Manchester United,2022
David Jones,0.0005824882162483,Burnley,2016
David Luiz,0.008009766774731432,Arsenal,2020
David Marshall,0.0206108864600189,Hull City,2016
David Martin,0.0096900475202025,West Ham United,2019
David McGoldrick,0.011051300468285742,Sheffield Utd,2020
David Meyler,0.0030059296453133003,Hull City,2016
David Nugent,0.0013069197778392,Middlesbrough,2016
David Ospina,0.007563980227421348,Arsenal,2017
David Ozoh,0.0005035503316763564,Crystal Palace,2023
David Raya,0.03954535122675249,Arsenal,2023
David Silva,0.01704503966843215,Manchester City,2019
Davide Zappacosta,0.0024085674546567505,Chelsea,2018
Davinson Sánchez,0.005078880989355201,Tottenham Hotspur,2023
Davy Klaassen,0.0017306714808936001,Everton,2017
Davy Pröpper,0.005390789399911533,Brighton and Hove Albion,2020
DeAndre Yedlin,0.004456182257131428,Newcastle United,2020
Dean Henderson,0.025777026596287493,Crystal Palace,2023
Dean Marney,0.0030556966421675003,Burnley,2016
Dean Whitehead,0.0006014915766019,Huddersfield,2017
Declan Rice,0.010976079806331824,Arsenal,2023
Declan Rudd,0.0149161506758413,Norwich,2015
Deivid Washington,0.0008864567524625,Chelsea,2023
Dejan Kulusevski,0.012368968578609387,Tottenham Hotspur,2023
Dejan Lovren,0.006333677197610708,Liverpool,2019
Dele Alli,0.005258798188819258,Everton,2022
Demarai Gray,0.006638483538817788,Everton,2022
Demeaco Duhaney,0.0008626591529606,Huddersfield,2018
Demetri Mitchell,0.0011834262661993,Manchester United,2016
Denis Odoi,0.004417541263878005,Fulham,2020
Denis Suárez,0.0005945725671325,Arsenal,2018
Denis Zakaria,0.001247060365904,Chelsea,2022
Deniz Undav,0.0033554632222114996,Brighton and Hove Albion,2022
Dennis Praet,0.002137201863907074,Leicester City,2022
Dennis Srbeny,0.0011062139526356,Norwich,2019
Destiny Udogie,0.0089034749705522,Tottenham Hotspur,2023
Dexter Lembikisa,0.0007476915771743,Wolverhampton Wanderers,2022
Diafra Sakho,0.004405160763783038,West Ham United,2017
Didier N'Dong,0.0043089132017354,Sunderland,2016
Diego Carlos,0.004081656781913236,Aston Villa,2023
Diego Costa,0.011218971787951015,Wolverhampton Wanderers,2022
Diego Llorente,0.006027501977733561,Leeds,2022
Diego Rico,0.006813184273141446,Bournemouth,2019
Dieumerci Mbokani,0.008276672152625987,Hull City,2016
Dimitri Foulquier,0.0013331478901389,Watford,2019
Dimitri Payet,0.020489978492580028,West Ham United,2016
Dimitrios Giannoulis,0.0048675017643482,Norwich,2021
Diogo Dalot,0.007690514274252942,Manchester United,2023
Diogo Jota,0.01211263710928516,Liverpool,2023
Dion Pereira,0.0005158995915149,Watford,2016
Dionatan Teixeira,0.0008149574689144,Stoke City,2015
Divin Mubama,0.0008065995421638412,West Ham United,2023
Divock Origi,0.003415585056174298,Nottingham Forest,2023
Djed Spence,0.0007419019873758,Tottenham Hotspur,2022
Djibril Sidibé,0.0088351331957775,Everton,2019
Dodi Lukebakio,0.0005626286552558,Watford,2017
Domingos Quina,0.000806656654580333,Watford,2019
Dominic Ballard,0.0007978723404255,Southampton,2022
Dominic Calvert-Lewin,0.008756800005796848,Everton,2023
Dominic Sadi,0.0004792811140376,Bournemouth,2023
Dominic Solanke,0.01502276680740291,Bournemouth,2023
Dominic Thompson,0.0006375351737018,Brentford,2021
Dominik Szoboszlai,0.0125038154846795,Liverpool,2023
Donald Love,0.0019151428241880413,Sunderland,2016
Donny van de Beek,0.0008494047242104468,Manchester United,2023
Douglas Luiz,0.011595342715077563,Aston Villa,2023
Duje Ćaleta-Car,0.0035620910008207995,Southampton,2022
Duncan Watmore,0.005062373445774213,Sunderland,2016
Dušan Tadić,0.012267949763693057,Southampton,2017
Dwight Gayle,0.004265273280479009,Newcastle United,2021
Dwight McNeil,0.009462380818147872,Everton,2023
Eberechi Eze,0.010858540426790766,Crystal Palace,2023
Eden Hazard,0.02812529741272628,Chelsea,2018
Ederson,0.04206492834504704,Manchester City,2023
Edimilson Fernandes,0.002754536009980117,West Ham United,2017
Edinson Cavani,0.007554826140914705,Manchester United,2021
Edo Kayembe,0.0023619043741271,Watford,2021
Edouard Mendy,0.03012396019743551,Chelsea,2022
Edson Álvarez,0.0039832611261601,West Ham United,2023
Edward Nketiah,0.004717551868852636,Arsenal,2023
Eldin Jakupović,0.01504519959738366,Leicester City,2017
Eliaquim Mangala,0.004619082411373928,Everton,2017
Elias Kachunga,0.0028417600161468586,Huddersfield,2018
Elijah Adebayo,0.0078716707085427,Luton,2023
Elliot Anderson,0.0027363271111853285,Newcastle United,2023
Ellis Simms,0.0009989089738199142,Everton,2022
Emerson Hyndman,0.0006048283032712184,Bournemouth,2018
Emerson Palmieri,0.005087524171208972,West Ham United,2023
Emerson Royal,0.006143513828012912,Tottenham Hotspur,2023
Emil Krafth,0.0034241787213853485,Newcastle United,2023
Emile Smith Rowe,0.003683168917964117,Arsenal,2023
Emiliano Buendía,0.010631194184564659,Aston Villa,2022
Emiliano Marcondes,0.0004677658412265,Bournemouth,2022
Emiliano Martínez,0.03823583862608317,Aston Villa,2023
Emilio Nsue,0.0022401411630002,Middlesbrough,2016
Emmanuel Adebayor,0.0040860899953213,Crystal Palace,2015
Emmanuel Dennis,0.007530027633105316,Nottingham Forest,2022
Emmanuel Emenike,0.0031094487719958,West Ham United,2015
Emmanuel Rivière,0.0009970220966811,Newcastle United,2015
Emre Can,0.011119273429531491,Liverpool,2017
Enda Stevens,0.007733976563836651,Sheffield Utd,2020
Enes Ünal,0.0036008781457509,Bournemouth,2023
Enner Valencia,0.005073286516202824,Everton,2016
Enock Mwepu,0.0027494887063782116,Brighton and Hove Albion,2022
Enso González,0.0007772020725387999,Wolverhampton Wanderers,2023
Enzo Fernández,0.00932840675745333,Chelsea,2023
Eric Bailly,0.0028294992499778788,Manchester United,2021
Eric Dier,0.007837487769580749,Tottenham Hotspur,2023
Eric García,0.003157116343961539,Manchester City,2020
Eric Maxim Choupo-Moting,0.0070145914435601,Stoke City,2017
Erik Durm,0.0073983347161438,Huddersfield,2018
Erik Lamela,0.0005934858231445,Tottenham Hotspur,2020
Erik Pieters,0.005787502456031453,Burnley,2021
Erling Haaland,0.028316715309670847,Manchester City,2023
Ethan Ampadu,0.005535716684987187,Sheffield Utd,2020
Ethan Nwaneri,0.0004832341607541999,Arsenal,2023
Ethan Pinnock,0.009914977869422166,Brentford,2023
Ethan Wheatley,0.0007772020725387999,Manchester United,2023
Eunan O'Kane,0.0027113567801499,Bournemouth,2015
Evan Ferguson,0.005312732597143882,Brighton and Hove Albion,2023
Evandro,0.0033258004052124004,Hull City,2016
Ezequiel Schelotto,0.0031240964045600836,Brighton and Hove Albion,2019
Ezgjan Alioski,0.0091300388154589,Leeds,2020
Ezri Konsa,0.008964792287445563,Aston Villa,2023
Fabian Delph,0.002968188873429417,Everton,2021
Fabian Schär,0.009218387492610199,Newcastle United,2023
Fabinho,0.010183357805614303,Liverpool,2022
Fabio Borini,0.00593606834623188,Sunderland,2016
Fabio Carvalho,0.0017295480990124996,Liverpool,2022
Fabián Balbuena,0.005136653031049231,West Ham United,2020
Fabri,0.0062079227794949,Fulham,2018
Fabricio Coloccini,0.0077589633743578,Newcastle United,2015
Facundo Buonanotte,0.0028346236413066737,Brighton and Hove Albion,2023
Facundo Pellistri,0.0007228850497501843,Manchester United,2023
Faustino Anjorin,0.0005250849569594,Chelsea,2019
Federico Fernández,0.00563601397428387,Newcastle United,2021
Felipe,0.003534873238061507,Nottingham Forest,2023
Felipe Anderson,0.00624561268834285,West Ham United,2020
Femi Seriki,0.0005102040816326,Sheffield Utd,2020
Fernandinho,0.009839451882294736,Manchester City,2021
Fernando,0.00358821801727514,Manchester City,2016
Fernando Llorente,0.006549781563888869,Tottenham Hotspur,2018
Fernando Marçal,0.004063790020611989,Wolverhampton Wanderers,2021
Ferran Torres,0.0022625562924742,Manchester City,2021
Ferrán Torres,0.0104899152608188,Manchester City,2020
Fikayo Tomori,0.0030009353302429065,Chelsea,2020
Filip Krovinović,0.0022274665566883,West Brom,2020
Filip Lesniak,0.0005292904742757,Tottenham Hotspur,2016
Finley Munroe,0.0007144338142021,Aston Villa,2023
Finley Stevens,0.0007709314735798,Brentford,2021
Florent Hadergjonaj,0.005649871683018817,Huddersfield,2018
Florian Lejeune,0.0040273488495826204,Newcastle United,2019
Florian Thauvin,0.0008727340138838,Newcastle United,2015
Florin Andone,0.002640279466699101,Brighton and Hove Albion,2019
Floyd Ayité,0.0027325087020966,Fulham,2018
Flynn Downes,0.0019738533605962,West Ham United,2022
Fodé Ballo-Touré,0.0008415679105587,Fulham,2023
Folarin Balogun,0.0008152173913043,Arsenal,2021
Fousseni Diabaté,0.0016233113579694292,Leicester City,2018
Fraizer Campbell,0.0013478296110828502,Crystal Palace,2016
Francis Coquelin,0.003602243621676121,Arsenal,2017
Francisco Sierralta,0.0020227043220391,Watford,2021
Francisco Trincão,0.0047851037997217,Wolverhampton Wanderers,2021
Frank Onyeka,0.0020684277255083347,Brentford,2023
Fraser Forster,0.020183525606753995,Tottenham Hotspur,2022
Fred,0.006388702078673946,Manchester United,2022
Fred Onyedinma,0.0005700352860125,Luton,2023
Freddie Ladapo,0.0008379888268156,Crystal Palace,2017
Freddie Woodman,0.007740138747259999,Newcastle United,2021
Frédéric Guilbert,0.008095161005864101,Aston Villa,2019
Fábio,0.006985256769424301,Middlesbrough,2016
Fábio Silva,0.003724474884873488,Wolverhampton Wanderers,2023
Fábio Vieira,0.0017395999991011164,Arsenal,2023
Gabriel,0.0054653310845971,Arsenal,2020
Gabriel Agbonlahor,0.0075117048810829,Aston Villa,2015
Gabriel Jesus,0.016241000912082745,Arsenal,2023
Gabriel Magalhães,0.010086304952047478,Arsenal,2023
Gabriel Martinelli,0.014325594818046869,Arsenal,2023
Gabriel Obertan,0.0018782078643013,Newcastle United,2015
Gabriel Osho,0.0065248131563471,Luton,2023
Gabriel Paulista,0.0071853099807139475,Arsenal,2016
Gaetano Berardi,0.0010433795432042,Leeds,2020
Gareth Bale,0.0054404613545218,Tottenham Hotspur,2020
Gareth Barry,0.006349810924735006,West Brom,2017
Gareth McAuley,0.0057042631157988065,West Brom,2017
Gary Cahill,0.00569199647735113,Crystal Palace,2020
Gary Hooper,0.0008522727272727,Norwich,2015
Gary Madine,0.0010046775859081,Cardiff,2018
Gary O'Neil,0.0031746227896198,Norwich,2015
Gastón Ramírez,0.004207362915706584,Middlesbrough,2016
Gavin Bazunu,0.0375624341592248,Southampton,2022
Gaël Clichy,0.007953823988502388,Manchester City,2016
Gaëtan Bong,0.0037156758025652732,Brighton and Hove Albion,2019
Gedson Fernandes,0.0005702312671683,Tottenham Hotspur,2019
Geoff Cameron,0.005713343885958547,Stoke City,2017
George Abbott,0.0004675863608059,Tottenham Hotspur,2022
George Baldock,0.005042389258045352,Sheffield Utd,2023
George Boyd,0.0039435677457763,Burnley,2016
George Earthy,0.0004866463621205,West Ham United,2023
George Friend,0.0081351436999745,Middlesbrough,2016
George Hirst,0.001000150329185,Leicester City,2019
George Honeyman,0.0016180179332003655,Sunderland,2016
Georges-Kévin N'Koudou,0.0005828679191186773,Tottenham Hotspur,2019
Georginio Rutter,0.0018827327399396,Leeds,2022
Georginio Wijnaldum,0.010493176816135565,Liverpool,2020
Gerard Deulofeu,0.008770712528287133,Watford,2019
Gianluca Scamacca,0.006674807190447,West Ham United,2022
Giannelli Imbula,0.0025388425631693054,Stoke City,2016
Giedrius Arlauskis,0.0032900804911438,Watford,2015
Giovani Lo Celso,0.0025411272624775855,Tottenham Hotspur,2023
Giovanni Reyna,0.0012765178930098,Nottingham Forest,2023
Giulian Biancone,0.0007669417379382999,Nottingham Forest,2022
Glen Johnson,0.0053481175558567325,Stoke City,2017
Glenn Murray,0.00742715869494719,Brighton and Hove Albion,2019
Glenn Whelan,0.0074084450861614005,Stoke City,2016
Gonzalo Higuaín,0.0082053055918213,Chelsea,2018
Gonzalo Montiel,0.0026110193083527,Nottingham Forest,2023
Gonçalo Guedes,0.0042449302190636,Wolverhampton Wanderers,2022
Grady Diangana,0.0025234700891247986,West Brom,2020
Graham Dorrans,0.0036102432145574,Norwich,2015
Granit Xhaka,0.011295689585266064,Arsenal,2022
Grant Hanley,0.008119267731232093,Norwich,2021
Grant Leadbitter,0.0017647881211908998,Middlesbrough,2016
Graziano Pellè,0.0231612132136463,Southampton,2015
Greg Cunningham,0.0028032173911345,Cardiff,2018
Grzegorz Krychowiak,0.0058276148627935,West Brom,2017
Guglielmo Vicario,0.0439499468681696,Tottenham Hotspur,2023
Guido Carrillo,0.0018648203892168,Southampton,2017
Guillermo Varela,0.0021129938599199,Manchester United,2015
Gustavo Hamer,0.009308150865092301,Sheffield Utd,2023
Gustavo Scarpa,0.0005408635738622,Nottingham Forest,2022
Gylfi Sigurðsson,0.012008079294174722,Everton,2020
Gökhan Inler,0.0008295142253534,Leicester City,2015
Gökhan Töre,0.0021227994692293002,West Ham United,2016
Hakim Ziyech,0.008737522438878872,Chelsea,2022
Hal Robson-Kanu,0.0039019343889944483,West Brom,2020
Halil Dervişoğlu,0.0007978723404255,Brentford,2022
Hamed Junior Traorè,0.0017951451187772271,Bournemouth,2023
Hamza Choudhury,0.001928252429367718,Leicester City,2021
Han-Noah Massengo,0.0004818612118517,Burnley,2023
Hannes Delcroix,0.0023583695533282,Burnley,2023
Hannibal Mejbri,0.0005848920504648318,Manchester United,2023
Harrison Ashby,0.0007663618100955,West Ham United,2021
Harrison Reed,0.005556571777753055,Fulham,2023
Harry Arter,0.005372657697300887,Cardiff,2018
Harry Kane,0.026119982224651818,Tottenham Hotspur,2022
Harry Maguire,0.008273588993409532,Manchester United,2023
Harry Souttar,0.0038828133183109,Leicester City,2022
Harry Toffolo,0.003935343342862235,Nottingham Forest,2023
Harry Wilson,0.0048342185518261095,Fulham,2023
Harry Winks,0.004464889302868375,Tottenham Hotspur,2021
Harvey Barnes,0.006170950619472224,Newcastle United,2023
Harvey Elliott,0.005426465190684682,Liverpool,2023
Harvey White,0.0004679470889106,Tottenham Hotspur,2022
Hassane Kamara,0.0070814141064259005,Watford,2021
Hee-Chan Hwang,0.007903916638503197,Wolverhampton Wanderers,2023
Henri Lansbury,0.0006481511239601,Aston Villa,2019
Henri Saivet,0.0006372520929544328,Newcastle United,2017
Henrikh Mkhitaryan,0.006367941995983087,Arsenal,2019
Heung-Min Son,0.015412609449757931,Tottenham Hotspur,2021
Heung-min Son,0.019181425022913593,Tottenham Hotspur,2023
Heurelho Gomes,0.0410172154992182,Watford,2017
Hiram Boateng,0.0005136986301369,Crystal Palace,2015
Hjalmar Ekdal,0.0016773706772145,Burnley,2023
Hugo Bueno,0.0033954284768068165,Wolverhampton Wanderers,2023
Hugo Lloris,0.03845401925795922,Tottenham Hotspur,2022
Håvard Nordtveit,0.0027232206473728226,Fulham,2018
Héctor Bellerín,0.007839059863894054,Arsenal,2020
Hélder Costa,0.003416054851717327,Leeds,2021
Ian Carlo Poveda,0.0014921323777884,Leeds,2020
Ian Maatsen,0.0015321076438781001,Chelsea,2023
Ibrahim Afellay,0.002230439867398347,Stoke City,2017
Ibrahim Amadou,0.0033957971888886,Norwich,2019
Ibrahim Sangaré,0.0021545221095563994,Nottingham Forest,2023
Ibrahima Cisse,0.0006415691079834,Fulham,2018
Ibrahima Diallo,0.0024130464129787643,Southampton,2022
Ibrahima Konaté,0.006098304354455912,Liverpool,2023
Idrissa Gueye,0.0064098139748683496,Everton,2023
Ignacio Pussetto,0.0005303743028894,Watford,2019
Igor Júlio,0.0068514091114191,Brighton and Hove Albion,2023
Ikechi Anya,0.003585899219313219,Watford,2016
Ilan Meslier,0.0079050363129542,Leeds,2021
Iliman Ndiaye,0.0005114371844808,Sheffield Utd,2020
Illan Meslier,0.040822901913242074,Leeds,2022
Illia Zabarnyi,0.007039496343265383,Bournemouth,2023
Imrân Louza,0.0036114526207618996,Watford,2021
Indiana Vassilev,0.0005279418713779,Aston Villa,2019
Ionuț Radu,0.0057322477303202,Bournemouth,2023
Isaac Hayden,0.004538245788088668,Newcastle United,2021
Isaac Mbenza,0.0037290212902152996,Huddersfield,2018
Isaac Price,0.0004974203707150763,Everton,2022
Isaac Success,0.0032236275484840604,Watford,2019
Isaiah Brown,0.0019810058528102,Brighton and Hove Albion,2017
Islam Slimani,0.0036020928843499126,Leicester City,2020
Ismaila Sarr,0.006845096182763,Watford,2019
Ismaïla Sarr,0.006368853370054399,Watford,2021
Issa Diop,0.005971091829646046,Fulham,2023
Issa Kaboré,0.0043783372218024,Luton,2023
Ivan Cavaleiro,0.010801714281440807,Fulham,2020
Ivan Perišić,0.004708370075959501,Tottenham Hotspur,2023
Ivan Toney,0.012926851214910048,Brentford,2023
Ivo Grbić,0.0123519410012649,Sheffield Utd,2023
Ivo Pinto,0.0037388474118872,Norwich,2015
Jack Butland,0.0163530462319564,Crystal Palace,2021
Jack Colback,0.001546410970080068,Nottingham Forest,2022
Jack Cork,0.003270546526470864,Burnley,2023
Jack Grealish,0.013210906574111548,Manchester City,2023
Jack Harrison,0.009334348147605306,Everton,2023
Jack Hinshelwood,0.002052991703999098,Brighton and Hove Albion,2023
Jack O'Connell,0.0045824701339181595,Sheffield Utd,2020
Jack Robinson,0.005695530114595163,Sheffield Utd,2023
Jack Rodwell,0.001511508090225971,Sheffield Utd,2019
Jack Simpson,0.0014969131436567212,Bournemouth,2019
Jack Stacey,0.002714109069335145,Bournemouth,2022
Jack Stephens,0.0055857702436194505,Bournemouth,2022
Jack Wilshere,0.0024365752858239126,West Ham United,2019
Jacob Brown,0.0030565653524941,Luton,2023
Jacob Bruun Larsen,0.0059644058585677,Burnley,2023
Jacob Lungi Sørensen,0.0023203554551816,Norwich,2021
Jacob Murphy,0.00674250523902584,Newcastle United,2023
Jacob Ramsey,0.005873314868552649,Aston Villa,2023
Jaden Philogene-Bidace,0.0004975676350751103,Aston Villa,2023
Jadon Sancho,0.005788238835426057,Manchester United,2023
Jaidon Anthony,0.002760969354949557,Bournemouth,2023
Jake Clarke-Salter,0.0007981533055007,Chelsea,2015
Jake Livermore,0.00341624939387776,West Brom,2020
Jake Vokins,0.0009243671193711721,Southampton,2020
Jakob Haugaard,0.0089503611600869,Stoke City,2015
Jakub Kiwior,0.0033634734705870624,Arsenal,2023
Jakub Moder,0.002877204621124005,Brighton and Hove Albion,2023
Jamaal Lascelles,0.0042904566161520215,Newcastle United,2023
Jamal Lewis,0.0030663587253998907,Newcastle United,2022
Jamal Lowe,0.0007978723404255,Bournemouth,2022
James Bree,0.0017836208786234002,Southampton,2022
James Chester,0.0032782035073929,West Brom,2015
James Collins,0.004433711405764695,West Ham United,2017
James Garner,0.0038488841621270365,Everton,2023
James Hill,0.0010098795426015,Bournemouth,2023
James Husband,0.0008720395790192,Middlesbrough,2016
James Justin,0.005703248766195955,Leicester City,2022
James Maddison,0.014004308562501037,Tottenham Hotspur,2023
James McArthur,0.0049151717510141635,Crystal Palace,2022
James McAtee,0.0035158248507110228,Sheffield Utd,2023
James McCarthy,0.00214074050838195,Crystal Palace,2020
James McClean,0.003656652690378734,West Brom,2017
James McConnell,0.000480145650817,Liverpool,2023
James Milner,0.005969700201133024,Brighton and Hove Albion,2023
James Morrison,0.0032823362102234136,West Brom,2017
James Rodríguez,0.0147485986996664,Everton,2020
James Shea,0.0039553012339075,Luton,2023
James Tarkowski,0.010225469290646869,Everton,2023
James Tomkins,0.003037860357558364,Crystal Palace,2023
James Trafford,0.0357945693410537,Burnley,2023
James Ward-Prowse,0.012605724796847866,West Ham United,2023
James Weir,0.000762844508916,Manchester United,2015
James Wilson,0.0008522727272727,Manchester United,2015
Jamie Donley,0.0007772020725387999,Tottenham Hotspur,2023
Jamie Murphy,0.0015349130620793997,Brighton and Hove Albion,2017
Jamie Shackleton,0.002361820728507387,Leeds,2021
Jamie Sterry,0.0007667373881003,Newcastle United,2015
Jamie Vardy,0.015800301152230172,Leicester City,2022
Jan Bednarek,0.009005285485195125,Southampton,2022
Jan Kirchhoff,0.00221975889972811,Sunderland,2016
Jan Paul van Hecke,0.0075270254759991695,Brighton and Hove Albion,2023
Jan Vertonghen,0.009947006602508803,Tottenham Hotspur,2019
Jannik Vestergaard,0.0061615333208574685,Leicester City,2021
Japhet Tanganga,0.002174925192105072,Tottenham Hotspur,2022
Jarell Quansah,0.0052218414241314,Liverpool,2023
Jarrad Branthwaite,0.00632925047793876,Everton,2023
Jarrod Bowen,0.011590583868782114,West Ham United,2023
Jason Denayer,0.0053584474331287,Sunderland,2016
Jason Puncheon,0.004901601292696495,Huddersfield,2018
Jason Steele,0.017682249558860726,Brighton and Hove Albion,2023
Javier Hernández,0.004282930603156797,West Ham United,2019
Javier Manquillo,0.003216646947163605,Newcastle United,2022
Jay Fulton,0.0008712701563257031,Swansea,2017
Jay Rodriguez,0.005934988818564616,Burnley,2023
Jay Stansfield,0.0015029552229715,Fulham,2022
Jayden Bogle,0.004533684866250717,Sheffield Utd,2023
Jayden Danns,0.0007772020725387999,Liverpool,2023
Jayden Philogene-Bidace,0.0005103704532012,Aston Villa,2020
Jayson Molumby,0.0005102645250554,Brighton and Hove Albion,2020
Jazz Richards,0.0009605210484215,Cardiff,2018
Jaïro Riedewald,0.0013178473795753872,Crystal Palace,2023
Jean-Michaël Seri,0.0090983545224264,Fulham,2018
Jean-Philippe Gbamin,0.0006007835956817266,Everton,2021
Jean-Philippe Mateta,0.008404707422213472,Crystal Palace,2023
Jean-Ricner Bellegarde,0.0033125308481976997,Wolverhampton Wanderers,2023
Jed Steer,0.0043965520604791735,Aston Villa,2021
Jeff Hendrick,0.003681620890448469,Newcastle United,2021
Jefferson Lerma,0.007872852940903978,Crystal Palace,2023
Jefferson Montero,0.0030294046214564296,Swansea,2016
Jeffrey Schlupp,0.004937233731062914,Crystal Palace,2023
Jeremain Lens,0.0025835094505187077,Sunderland,2016
Jeremy Ngakia,0.0028270385350397075,Watford,2021
Jeremy Sarmiento,0.0018453643637167953,Brighton and Hove Albion,2022
Jermain Defoe,0.007750966360170565,Bournemouth,2018
Jerome Sinclair,0.0009419842425417436,Watford,2017
Jesse Lingard,0.004122285953687253,Nottingham Forest,2022
Jesurun Rak-Sakyi,0.0006281202357540723,Crystal Palace,2023
Jesé Rodríguez,0.0026872678314711,Stoke City,2017
Jesús Gámez,0.0010457925508246,Newcastle United,2017
Jesús Navas,0.007750007957495937,Manchester City,2016
Jesús Vallejo,0.0013123367196646,Wolverhampton Wanderers,2019
Jetro Willems,0.0052021365582227,Newcastle United,2019
Jhon Durán,0.0020602503995057974,Aston Villa,2023
Jimi Tauriainen,0.000479233226837,Chelsea,2023
Jimmy Dunne,0.0017022709634092,Burnley,2020
Joachim Andersen,0.010217182301501896,Crystal Palace,2023
Joe Allen,0.0068651517572995875,Stoke City,2017
Joe Aribo,0.0033291547105284997,Southampton,2022
Joe Bennett,0.0080193203663977,Cardiff,2018
Joe Bryan,0.0048627815250578904,Fulham,2020
Joe Dodoo,0.0008522727272727,Leicester City,2015
Joe Gelhardt,0.00248765586579249,Leeds,2022
Joe Gomez,0.005288165589365308,Liverpool,2023
Joe Hart,0.02900324062612936,Burnley,2018
Joe Hodge,0.0006540744505407,Wolverhampton Wanderers,2022
Joe Ledley,0.0025420469804179405,Crystal Palace,2016
Joe Lolley,0.0016626340250794,Huddersfield,2017
Joe Ralls,0.0056122451639717,Cardiff,2018
Joe Rodon,0.002166625628650205,Tottenham Hotspur,2021
Joe Rothwell,0.0015413682226291174,Bournemouth,2023
Joe White,0.0004797077951945,Newcastle United,2023
Joe Whitworth,0.0061891286612681005,Crystal Palace,2022
Joe Willock,0.004749333119008231,Newcastle United,2023
Joe Worrall,0.00425507595893073,Nottingham Forest,2023
Joel Asoro,0.0005084745762711,Sunderland,2016
Joel Campbell,0.0035598848707154,Arsenal,2015
Joel Coleman,0.0053811318558562,Huddersfield,2018
Joel Mumbongo,0.0009446769184456,Burnley,2020
Joel Pereira,0.0047139465628626,Manchester United,2016
Joel Robles,0.01188514114194934,Leeds,2022
Joel Ward,0.006864616856696276,Crystal Palace,2023
Joelinton,0.008299052370082194,Newcastle United,2023
Joey Barton,0.0034036461368096003,Burnley,2016
John Egan,0.00522973678561345,Sheffield Utd,2023
John Fleck,0.0035390836188574732,Sheffield Utd,2023
John Lundstram,0.00569035283813446,Sheffield Utd,2020
John McGinn,0.010238742886135447,Aston Villa,2023
John Mikel Obi,0.0051940957832161,Chelsea,2015
John O'Shea,0.006120325641163226,Sunderland,2016
John Ruddy,0.007681327519237445,Wolverhampton Wanderers,2021
John Stones,0.0065547325055337535,Manchester City,2023
John Terry,0.004219949081349176,Chelsea,2016
Joleon Lescott,0.004721925317486389,Sunderland,2016
Jon Flanagan,0.0021647718643791804,Burnley,2016
Jon Gorenc Stanković,0.0028231363787194997,Huddersfield,2018
Jon Rowe,0.0010980965672108,Norwich,2021
Jonas Lössl,0.022057717312195673,Brentford,2021
Jonas Olsson,0.0032668029279698577,West Brom,2016
Jonathan Benteke,0.0008379888268156,Crystal Palace,2016
Jonathan Calleri,0.0023611909361279,West Ham United,2016
Jonathan Hogg,0.006836291760216141,Huddersfield,2018
Jonathan Howson,0.007970773527985201,Norwich,2015
Jonathan Kodjia,0.0012106993580955,Aston Villa,2019
Jonathan Leko,0.001445504535521114,West Brom,2016
Jonathan Rowe,0.0008664648269012,Norwich,2021
Jonathan Walters,0.006982969089896563,Burnley,2017
Jonathan Williams,0.0005153265498485,Crystal Palace,2015
Jonjo Shelvey,0.005214553830104204,Nottingham Forest,2022
Jonjoe Kenny,0.0027307679190363924,Everton,2021
Jonny Castro,0.007544608461847402,Wolverhampton Wanderers,2019
Jonny Evans,0.007030516568977235,Manchester United,2023
Jonny Otto,0.0025841987756190623,Wolverhampton Wanderers,2023
Jordan Amavi,0.0037906414547063004,Aston Villa,2015
Jordan Ayew,0.01000816100469128,Crystal Palace,2023
Jordan Beyer,0.0052695891946768,Burnley,2023
Jordan Clark,0.0028962594432364,Luton,2023
Jordan Henderson,0.010997224127467455,Liverpool,2022
Jordan Hugill,0.0008379888268156,West Ham United,2017
Jordan Lyden,0.0015830940101780999,Aston Villa,2015
Jordan Pickford,0.04209438455905874,Everton,2023
Jordan Rhodes,0.0011402107699735,Middlesbrough,2016
Jordan Rossiter,0.0005187697960251,Liverpool,2015
Jordan Thomas,0.0007665592520296,Norwich,2019
Jordan Veretout,0.006515193927933,Aston Villa,2015
Jordan Zemura,0.005093600231913,Bournemouth,2022
Jordi Amat,0.0036537731721778518,Swansea,2016
Jordi Gomez,0.0010805073793253,Sunderland,2015
Jordon Ibe,0.0032530744079217982,Bournemouth,2019
Jordon Mutch,0.0013506360175967265,Crystal Palace,2016
Jordy Clasie,0.003078668832937744,Southampton,2016
Jores Okore,0.0042227933860639,Aston Villa,2015
Jorginho,0.009011110089803787,Arsenal,2023
Joselu,0.006255314729204701,Newcastle United,2018
Joseph Johnson,0.000837970939156,Luton,2023
Joseph Willock,0.0014864622002101742,Newcastle United,2020
Josh Acheampong,0.0007183453096017,Chelsea,2023
Josh Benson,0.0009826720729648,Burnley,2020
Josh Brownhill,0.006708943138128858,Burnley,2023
Josh Cullen,0.005614508674111481,Burnley,2023
Josh Harrop,0.0028290988929367,Manchester United,2016
Josh Maja,0.0047415693908424,Fulham,2020
Josh Martin,0.0010378960619661,Norwich,2019
Josh Murphy,0.0055884973371064,Cardiff,2018
Josh Sargent,0.005221951283812499,Norwich,2021
Josh Sims,0.0017498535949217622,Southampton,2018
Josh Tymon,0.0015595525390092629,Stoke City,2017
Joshua Dasilva,0.0016955541539779265,Brentford,2023
Joshua King,0.010485606991054157,Watford,2021
Joshua Onomah,0.0008670498709470045,Fulham,2022
Josip Drmić,0.0038122860416231,Norwich,2019
José Fonte,0.007889976272273735,West Ham United,2017
José Holebas,0.005504187940532079,Watford,2019
José Izquierdo,0.00252612834845396,Brighton and Hove Albion,2020
José Jurado,0.0074951070068003,Watford,2015
José Sá,0.04280845576751198,Wolverhampton Wanderers,2023
José Ángel Crespo,0.000964026753255,Aston Villa,2015
Jota,0.0021667815178563,Aston Villa,2019
João Cancelo,0.01119778016538178,Manchester City,2022
João Félix,0.0048065650639426,Chelsea,2022
João Gomes,0.003995193653147113,Wolverhampton Wanderers,2023
João Moutinho,0.010626806406156345,Wolverhampton Wanderers,2022
João Mário,0.0059852446380425,West Ham United,2017
João Palhinha,0.006030281700614701,Fulham,2023
João Pedro,0.008402447879126751,Brighton and Hove Albion,2023
João Teixeira,0.0005141634963349,Liverpool,2015
João Virgínia,0.0051204437668257,Everton,2020
Joël Matip,0.005944721926098329,Liverpool,2023
Joël Veltman,0.007981588946011548,Brighton and Hove Albion,2023
Joško Gvardiol,0.0099166086022945,Manchester City,2023
Juan Carlos Paredes,0.0027448972380672,Watford,2015
Juan Cuadrado,0.000531351973309,Chelsea,2015
Juan Foyth,0.0021386334209205597,Tottenham Hotspur,2019
Juan Iturbe,0.0019814578590343,Bournemouth,2015
Juan Larios,0.001065164578303,Southampton,2022
Juan Mata,0.004716946962214024,Manchester United,2021
Juanmi,0.0025823232721036,Southampton,2015
Julien Ngoy,0.0008969792850455665,Stoke City,2017
Julio Enciso,0.0040347587609805505,Brighton and Hove Albion,2023
Julián Speroni,0.010030293400931587,Crystal Palace,2018
Julián Álvarez,0.015495108841511085,Manchester City,2023
Juninho Bacuna,0.0045866135918814005,Huddersfield,2018
Junior Firpo,0.005359710195567055,Leeds,2022
Junior Hoilett,0.0046834506421286,Cardiff,2018
Junior Stanislas,0.002793453147430281,Bournemouth,2022
Juraj Kucka,0.0035550852992784,Watford,2021
Jurriën Timber,0.0008418373796287,Arsenal,2023
Justin Kluivert,0.005522674856736,Bournemouth,2023
Jérémie Boga,0.0008379888268156,Chelsea,2017
Jérémy Doku,0.010278721810663301,Manchester City,2023
Jérémy Pied,0.0015180589509522521,Southampton,2017
Jóhann Guðmundsson,0.003939258408091986,Burnley,2023
Jürgen Locadia,0.0016699734767021488,Brighton and Hove Albion,2021
Kadeem Harris,0.0008747506349438,Cardiff,2018
Kaelan Casey,0.0007083093180836,West Ham United,2023
Kai Havertz,0.016177953605114228,Arsenal,2023
Kaide Gordon,0.0007915544014101014,Liverpool,2023
Kaine Kesler-Hayden,0.0007173810462692,Aston Villa,2023
Kalidou Koulibaly,0.0077022958978111,Chelsea,2022
Kalvin Phillips,0.0036852877369585877,West Ham United,2023
Kamaldeen Sulemana,0.0059868163218844,Southampton,2022
Kami Doyle,0.00047102405153500007,Southampton,2022
Kamil Grosicki,0.001931339223782053,West Brom,2020
Kaoru Mitoma,0.007689664772922252,Brighton and Hove Albion,2023
Karl Darlow,0.018340211992541863,Newcastle United,2021
Karlan Grant,0.00406418263919684,West Brom,2020
Kasey McAteer,0.0005209078779509,Leicester City,2021
Kasey Palmer,0.000606487971883,Huddersfield,2017
Kasper Schmeichel,0.043715127626902765,Leicester City,2021
Kayky,0.0008152173913043,Manchester City,2021
Kayne Ramsay,0.0010067316406560578,Southampton,2020
Kean Bryan,0.003942153739098,Sheffield Utd,2020
Keane Lewis-Potter,0.003399716871241348,Brentford,2023
Keinan Davis,0.0017968052725685349,Aston Villa,2021
Kelechi Iheanacho,0.008652718356606708,Leicester City,2022
Kelland Watts,0.0005213585004441,Newcastle United,2019
Kelvin Davis,0.0042086931884332,Southampton,2015
Ken Sema,0.0028685390555651486,Watford,2021
Kenedy,0.002123656316345481,Chelsea,2021
Kenneth Zohore,0.0046396805732157,Cardiff,2018
Kenny McLean,0.006116468099857145,Norwich,2021
Kenny Tete,0.00623565700987235,Fulham,2023
Kepa Arrizabalaga,0.025647072571581428,Chelsea,2022
Kevin Danso,0.0017076975705619998,Southampton,2019
Kevin De Bruyne,0.01807421152089307,Manchester City,2023
Kevin Long,0.002329767657897422,Burnley,2021
Kevin Mbabu,0.0011086823841548162,Fulham,2022
Kevin McDonald,0.0017805451839236,Fulham,2018
Kevin Mirallas,0.00596771624244218,Everton,2017
Kevin Nolan,0.0013697941394515,West Ham United,2015
Kevin Schade,0.002752493831428868,Brentford,2023
Kevin Stewart,0.0021534098372866808,Liverpool,2016
Kevin Toner,0.002356230245954,Aston Villa,2015
Kevin Wimmer,0.003427548767877001,Stoke City,2017
Keylor Navas,0.0243513693785352,Nottingham Forest,2022
Ki-Jana Hoever,0.002134265998646346,Wolverhampton Wanderers,2021
Kieffer Moore,0.004264918803880183,Bournemouth,2023
Kieran Dowell,0.0026963506068968467,Norwich,2021
Kieran Gibbs,0.004501205446075791,West Brom,2020
Kieran Richardson,0.0024822584377543,Aston Villa,2015
Kieran Tierney,0.004771711963618372,Arsenal,2022
Kieran Trippier,0.008990415585698037,Newcastle United,2023
Kiernan Dewsbury-Hall,0.008548702732443663,Leicester City,2022
Kieron Freeman,0.0007743515308984,Sheffield Utd,2019
Kiko Casilla,0.0068896039398042,Leeds,2020
Kiko Femenia,0.007819255379506288,Watford,2019
Kiko Femenía,0.007371989414392999,Watford,2021
Kobbie Mainoo,0.0028221327252499233,Manchester United,2023
Kolo Touré,0.0040323964862053,Liverpool,2015
Konstantinos Mavropanos,0.003784433063425386,West Ham United,2023
Konstantinos Stafylidis,0.0018377495709141,Stoke City,2017
Konstantinos Tsimikas,0.002537921969529484,Liverpool,2023
Kortney Hause,0.0027273456802983783,Aston Villa,2021
Kristoffer Ajer,0.0048095930662809885,Brentford,2023
Kristoffer Klaesson,0.0050600006360036,Leeds,2021
Kristoffer Nordfeldt,0.004486584313019394,Swansea,2016
Kurt Zouma,0.007500029490535093,West Ham United,2023
Kyle Bartley,0.004539001887357447,West Brom,2020
Kyle Edwards,0.0014952365755541996,West Brom,2020
Kyle Lafferty,0.0008522727272727,Norwich,2015
Kyle Naughton,0.009717054483365498,Swansea,2017
Kyle Walker,0.009874420704162263,Manchester City,2023
Kyle Walker-Peters,0.0068497440029333945,Southampton,2022
Lamine Koné,0.0062518040732535115,Sunderland,2016
Lasse Sorensen,0.0010660767358032,Stoke City,2017
Laurent Depoitre,0.006041284439493356,Huddersfield,2018
Laurent Koscielny,0.010002890966567986,Arsenal,2018
Layvin Kurzawa,0.0011173933633953,Fulham,2022
Lazar Marković,0.001710060332720154,Fulham,2018
Leander Dendoncker,0.004009308475139166,Aston Villa,2023
Leandro Bacuna,0.004599004924897513,Cardiff,2018
Leandro Trossard,0.013233032956822169,Arsenal,2023
Lee Cattermole,0.0023805685272237456,Sunderland,2016
Lee Grant,0.019624699507302147,Stoke City,2017
Lee Peltier,0.002327960842492713,West Brom,2020
Lee Tomlin,0.0029395985449019,Bournemouth,2015
Leif Davis,0.0007992100479643,Leeds,2020
Leighton Baines,0.004783163986430964,Everton,2019
Leo Fuhr Hjelde,0.0012229419377978,Leeds,2021
Leon Bailey,0.008415832775647308,Aston Villa,2023
Leon Balogun,0.0023086477941178,Brighton and Hove Albion,2018
Leon Britton,0.0021633033978281256,Swansea,2017
Leon Chiwome,0.0007772020725387999,Wolverhampton Wanderers,2023
Leon Clarke,0.0009316770186335,Sheffield Utd,2019
Leon Osman,0.000773290393877,Everton,2015
Leonardo Ulloa,0.004455035269023233,Brighton and Hove Albion,2017
Leroy Fer,0.004142834840540358,Swansea,2017
Leroy Sané,0.01405607351732589,Manchester City,2019
Lesley Ugochukwu,0.0009981322697506,Chelsea,2023
Levi Colwill,0.006694314988092826,Chelsea,2023
Levi Lumeka,0.0005418409924288,Crystal Palace,2017
Lewis Bate,0.0006457896378589,Leeds,2021
Lewis Brunt,0.0005073911596790666,Leicester City,2022
Lewis Cook,0.006100388980616491,Bournemouth,2023
Lewis Dobbin,0.0017790588511555395,Everton,2023
Lewis Dunk,0.011436953044758998,Brighton and Hove Albion,2023
Lewis Grabban,0.0031193095118408174,Bournemouth,2016
Lewis Hall,0.0035466101849914826,Newcastle United,2023
Lewis Miley,0.002406899275201371,Newcastle United,2023
Lewis O'Brien,0.0013760930150320998,Nottingham Forest,2022
Lewis Richardson,0.0005102637921734,Burnley,2020
Lewis Warrington,0.0004793033938932,Everton,2023
Liam Cooper,0.008215005042107973,Leeds,2022
Liam Delap,0.000833573345459705,Manchester City,2021
Liam McCarron,0.0005216820072652,Leeds,2021
Liam Rosenior,0.0011924976808737,Brighton and Hove Albion,2017
Libor Kozák,0.0025128911432338,Aston Villa,2015
Lisandro Martínez,0.005500719579193007,Manchester United,2023
Lloyd Kelly,0.005139563984752601,Bournemouth,2023
Lorenz Assignon,0.0040068459940821,Burnley,2023
Loris Karius,0.009215114184529806,Newcastle United,2023
Loïc Damour,0.0005581807124983,Cardiff,2018
Loïc Rémy,0.001606076041972292,Crystal Palace,2016
Luca Koleosho,0.0028937855339136002,Burnley,2023
Lucas Digne,0.007026584398225695,Aston Villa,2023
Lucas Leiva,0.007643083263482474,Liverpool,2016
Lucas Moura,0.006302249598426428,Tottenham Hotspur,2022
Lucas Paquetá,0.0076287243083262,West Ham United,2023
Lucas Pérez,0.003232280236262392,West Ham United,2018
Lucas Torreira,0.006500340167687147,Arsenal,2019
Luciano Narsingh,0.0026189848295599533,Swansea,2017
Luciano Vietto,0.0051684382532731,Fulham,2018
Ludwig Augustinsson,0.0008109540975049,Aston Villa,2022
Luis Díaz,0.013447649919291793,Liverpool,2023
Luis Hernández,0.0017077024110769,Leicester City,2016
Luis Sinisterra,0.003872830353445705,Bournemouth,2023
Luka Milivojević,0.004642227820520284,Crystal Palace,2022
Lukas Jutkiewicz,0.0008379888268156,Burnley,2016
Lukas Nmecha,0.0008379888268156,Manchester City,2017
Lukas Rupp,0.002125298217716809,Norwich,2021
Luke Amos,0.0005577197583004,Tottenham Hotspur,2018
Luke Ayling,0.010242727844285088,Leeds,2022
Luke Berry,0.0007390681246539,Luton,2023
Luke Cundle,0.0010863794559734,Wolverhampton Wanderers,2021
Luke Dreher,0.0005577722250865,Crystal Palace,2018
Luke Freeman,0.0009662726380316,Sheffield Utd,2019
Luke Harris,0.0004905371866192615,Fulham,2023
Luke Shaw,0.006114794261314146,Manchester United,2023
Luke Thomas,0.004103629581443362,Sheffield Utd,2023
Lyanco,0.003811422500510724,Southampton,2022
Lyle Foster,0.0093290246163243,Burnley,2023
Lynden Gooch,0.0008424694981541998,Sunderland,2016
Lys Mousset,0.0031883512174291613,Sheffield Utd,2020
Léo Bonatini,0.0015189272662721,Wolverhampton Wanderers,2018
M'Baye Niang,0.0043297223076289,Watford,2016
Maarten Stekelenburg,0.023757451037023987,Everton,2016
Mads Bech Sörensen,0.0026965280977306,Brentford,2021
Mads Bech Sørensen,0.0007505379223276,Brentford,2022
Mads Bidstrup,0.0005277972469334,Brentford,2021
Mads Juel Andersen,0.0017547174868887,Luton,2023
Mads Roerslev,0.005419396636097,Brentford,2023
Mads Roerslev Rasmussen,0.003518420765710618,Brentford,2022
Mahmoud Dahoud,0.0020358501057372,Brighton and Hove Albion,2023
Malang Sarr,0.0031292264156897,Chelsea,2021
Malcolm Ebiowei,0.0004711106331216,Crystal Palace,2022
Malo Gusto,0.0085828938437745,Chelsea,2023
Mamadou Sakho,0.004457975317555691,Crystal Palace,2020
Mame Biram Diouf,0.007180613595966532,Stoke City,2017
Manolo Gabbiadini,0.004342937999306222,Southampton,2018
Manor Solomon,0.003478456339415387,Tottenham Hotspur,2023
Manu García,0.0005217348621552,Manchester City,2015
Manuel Akanji,0.010446256707755102,Manchester City,2023
Manuel Benson,0.0014333380144282998,Burnley,2023
Manuel Lanzini,0.005097749682367236,West Ham United,2022
Marc Albrighton,0.005287282262445683,Leicester City,2022
Marc Cucurella,0.008782832877328107,Chelsea,2023
Marc Guéhi,0.009333735463627674,Crystal Palace,2023
Marc Muniesa,0.0037602549770380284,Stoke City,2016
Marc Navarro,0.001017416770885,Watford,2018
Marc Pugh,0.003250550129341156,Bournemouth,2017
Marc Roca,0.0067867804913928,Leeds,2022
Marc Wilson,0.0013082322513956835,West Brom,2016
Marcel Sabitzer,0.0028050130922082,Manchester United,2022
Marcin Wasilewski,0.0012462434638424408,Leicester City,2016
Marco Stiepermann,0.0016327653868546002,Norwich,2019
Marco van Ginkel,0.0018375431390106,Stoke City,2015
Marcos Alonso,0.008716751231139248,Chelsea,2021
Marcos Rojo,0.0027181127919453088,Manchester United,2019
Marcos Senesi,0.008615971276271553,Bournemouth,2023
Marcus Bettinelli,0.0112786906737117,Fulham,2018
Marcus Forss,0.0012226295945802,Brentford,2021
Marcus Rashford,0.011564649995838387,Manchester United,2023
Marcus Tavernier,0.0059612431957390445,Bournemouth,2023
Marek Rodák,0.006056500461805365,Fulham,2022
Mario Lemina,0.005518032531271033,Wolverhampton Wanderers,2023
Mario Suárez,0.00193437562936,Watford,2015
Mario Vrančić,0.0014477404973685002,Norwich,2019
Mark Bunn,0.0137890781443281,Aston Villa,2015
Mark Flekken,0.04326981727049241,Brentford,2023
Mark Noble,0.005055949695295344,West Ham United,2021
Mark O'Mahony,0.0008997494954396,Brighton and Hove Albion,2023
Mark Travers,0.009839727110661606,Bournemouth,2023
Marko Arnautović,0.012017024393230364,West Ham United,2018
Marko Grujić,0.0005453540414056437,Liverpool,2017
Markus Henriksen,0.0017193290338313,Hull City,2016
Markus Suttner,0.0042767111426002,Brighton and Hove Albion,2017
Marouane Chamakh,0.0024983109250961,Crystal Palace,2015
Marouane Fellaini,0.0025225542239229464,Manchester United,2018
Marquinhos,0.0007978723404255,Arsenal,2022
Marten de Roon,0.0046376679749462,Middlesbrough,2016
Martin Cranie,0.0011703166339402,Huddersfield,2017
Martin Dúbravka,0.025935384228983876,Newcastle United,2023
Martin Kelly,0.0031847906558314107,Crystal Palace,2020
Martin Olsson,0.00557355743197495,Swansea,2017
Martin Ødegaard,0.015099097055595131,Arsenal,2023
Martin Škrtel,0.0070869003834709,Liverpool,2015
Martín Cáceres,0.0011255863905439,Southampton,2016
Martín Demichelis,0.0039222546106126,Manchester City,2015
Martín Montoya,0.006728919729896917,Brighton and Hove Albion,2019
Marvelous Nakamba,0.0022640046217544435,Luton,2023
Marvin Emnes,0.0010841019520878,Swansea,2015
Marvin Zeegelaar,0.004294181449980099,Watford,2017
Mason Burstow,0.0007772020725387999,Chelsea,2023
Mason Greenwood,0.005643808192957998,Manchester United,2021
Mason Holgate,0.004489530211093598,Sheffield Utd,2023
Mason Mount,0.012211778873312717,Manchester United,2023
Massadio Haïdara,0.0014400799216929756,Newcastle United,2017
Mateo Fernandez,0.0007978723404255,Leeds,2022
Mateo Joseph,0.0007978723404255,Leeds,2022
Mateo Kovačić,0.008203325102408328,Manchester City,2023
Mateusz Klich,0.004861472832316507,Leeds,2022
Matheus Cunha,0.01078817378153449,Wolverhampton Wanderers,2023
Matheus França,0.0017311619183779,Crystal Palace,2023
Matheus Nunes,0.006218585564238121,Manchester City,2023
Matheus Pereira,0.0140519305426011,West Brom,2020
Mathew Ryan,0.03592563354849222,Arsenal,2020
Mathias Jensen,0.007748419461902572,Brentford,2023
Mathias Normann,0.0038164846653988005,Norwich,2021
Mathieu Debuchy,0.0010047787493384624,Arsenal,2016
Mathieu Flamini,0.0016864047532039433,Crystal Palace,2016
Matt Doherty,0.004771806220195278,Wolverhampton Wanderers,2023
Matt Grimes,0.0008101369568805,Swansea,2015
Matt Jarvis,0.0024927702184805,Norwich,2015
Matt Phillips,0.005618389774861449,West Brom,2020
Matt Ritchie,0.0033216820261104773,Newcastle United,2023
Matt Targett,0.004745356211966054,Newcastle United,2023
Matt Turner,0.0223161945358928,Nottingham Forest,2023
Matt Worthington,0.0005134604804133,Bournemouth,2016
Matteo Darmian,0.004016978369585264,Manchester United,2018
Matthew Craig,0.0004709032187224,Tottenham Hotspur,2022
Matthew Longstaff,0.0014232527716691995,Newcastle United,2020
Matthew Lowton,0.007299361214051823,Burnley,2021
Matthew Miazga,0.0013287106700677,Chelsea,2015
Matthew Pennington,0.0014113436861965525,Everton,2016
Matty Cash,0.008244129293500883,Aston Villa,2023
Matty Daly,0.0005730597950018,Huddersfield,2018
Matty James,0.0009708197505571747,Leicester City,2019
Mattéo Guendouzi,0.00699907351896227,Arsenal,2019
Matz Sels,0.0216185681198306,Nottingham Forest,2023
Matías Viña,0.0018939141699177002,Bournemouth,2022
Matěj Vydra,0.004345386276389389,Burnley,2021
Mauro Zárate,0.003564590191444239,Watford,2016
Max Aarons,0.006545871515223847,Bournemouth,2023
Max Gradel,0.0022241810624510578,Bournemouth,2016
Max Kilman,0.008025835535386444,Wolverhampton Wanderers,2023
Max Lowe,0.001990376991482023,Sheffield Utd,2023
Max Meyer,0.002369599918343511,Crystal Palace,2019
Max Thompson,0.0009316770186335,Burnley,2019
Maxime Estève,0.0054564206769861,Burnley,2023
Maxime Le Marchand,0.004255172599837459,Fulham,2020
Maximilian Wöber,0.0046702136358931,Leeds,2022
Maximo Perrone,0.0004916372160584,Manchester City,2022
Maxwel Cornet,0.002925979284959357,West Ham United,2023
Maya Yoshida,0.005334386632459064,Southampton,2019
Mbaye Diagne,0.00494248657271,West Brom,2020
Mbwana Samatta,0.0053027445011272,Aston Villa,2019
Memphis Depay,0.003253693498128645,Manchester United,2016
Mesut Özil,0.013828611420775199,Arsenal,2019
Micah Richards,0.0070387154278891,Aston Villa,2015
Michael Carrick,0.004444708056223398,Manchester United,2017
Michael Dawson,0.005409354195909,Hull City,2016
Michael Folivi,0.0008379888268156,Watford,2016
Michael Hector,0.0014710322122745,Fulham,2020
Michael Hefele,0.0007739095797096,Huddersfield,2017
Michael Keane,0.006462119946611834,Everton,2023
Michael Kightly,0.0005180588503495,Burnley,2016
Michael McGovern,0.0051143350102444,Norwich,2019
Michael Ndiweni,0.0007772020725387999,Newcastle United,2023
Michael Obafemi,0.0017264765479442013,Burnley,2023
Michael Olakigbe,0.0012636374348279,Brentford,2023
Michael Olise,0.012718772455125645,Crystal Palace,2023
Michail Antonio,0.010481715710270118,West Ham United,2023
Michel Vorm,0.006409398129931826,Tottenham Hotspur,2018
Michy Batshuayi,0.002943284612090352,Crystal Palace,2020
Micky van de Ven,0.0091694890329741,Tottenham Hotspur,2023
Miguel Almirón,0.009500329130513043,Newcastle United,2023
Miguel Britos,0.003923243404423551,Watford,2018
Miguel Layún,0.0014897021638689,Watford,2015
Mike Trésor,0.0030676887186454,Burnley,2023
Mike Van der Hoorn,0.004408968383500933,Swansea,2017
Mikel Arteta,0.0006249503466249,Arsenal,2015
Mikel Merino,0.0038262646019063,Newcastle United,2017
Mikey Moore,0.0004796801880104,Tottenham Hotspur,2023
Mikkel Damsgaard,0.0023682351004578645,Brentford,2023
Mile Jedinak,0.001910309055061159,Crystal Palace,2016
Milot Rashica,0.0064657192984586,Norwich,2021
Miloš Kerkez,0.0057086185482289,Bournemouth,2023
Mislav Oršić,0.0007978723404255,Southampton,2022
Modibo Maiga,0.0010284833799264,West Ham United,2015
Modou Barrow,0.00584054721946171,Swansea,2016
Mohamed Diamé,0.0035112082486811543,Newcastle United,2018
Mohamed Elneny,0.002039452161859491,Arsenal,2023
Mohamed Elyounoussi,0.005480681968150801,Southampton,2022
Mohamed Salah,0.031341797643900174,Liverpool,2023
Mohammed Kudus,0.007264532666255,West Ham United,2023
Mohammed Salisu,0.007909622525384833,Southampton,2022
Moise Kean,0.0018436076996220469,Everton,2021
Moisés Caicedo,0.009654337526328279,Chelsea,2023
Molla Wagué,0.0018474243708677,Watford,2017
Morgan Gibbs-White,0.00929934589252414,Nottingham Forest,2023
Morgan Rogers,0.0027060968189539,Aston Villa,2023
Morgan Sanson,0.000740052347153688,Aston Villa,2022
Morgan Schneiderlin,0.0036293153856696582,Everton,2019
Moritz Bauer,0.0041344185300411,Stoke City,2017
Moritz Leitner,0.0023870484342417,Norwich,2019
Mousa Dembélé,0.005825802028068179,Tottenham Hotspur,2018
Moussa Diaby,0.018054006568584302,Aston Villa,2023
Moussa Djenepo,0.0022696288148949784,Southampton,2022
Moussa Niakhaté,0.004492523995352213,Nottingham Forest,2023
Moussa Sissoko,0.006838088024630552,Watford,2021
Muhamed Bešić,0.0009821289521562977,Sheffield Utd,2019
Murillo,0.0093195144623961,Nottingham Forest,2023
Mykhaylo Mudryk,0.004449502133476114,Chelsea,2023
Myles Peart-Harris,0.0005068609176554,Brentford,2023
N'Golo Kanté,0.009160311958080848,Chelsea,2022
Nabil Bentaleb,0.0018139163986640823,Newcastle United,2019
Naby Keïta,0.00320063129208534,Liverpool,2022
Nacer Chadli,0.0042885961876096565,West Brom,2017
Nacho Monreal,0.0081599710262277,Arsenal,2019
Nahki Wells,0.0008379888268156,Burnley,2017
Nampalys Mendy,0.002522556640172412,Leicester City,2022
Naouirou Ahamada,0.0005706690332180753,Crystal Palace,2023
Nathan Aké,0.007346012807291096,Manchester City,2023
Nathan Broadhead,0.0005103862435499,Everton,2020
Nathan Collins,0.007578296091936105,Brentford,2023
Nathan Dyer,0.0025032495177403674,Swansea,2017
Nathan Ferguson,0.0007533045910815,Crystal Palace,2021
Nathan Fraser,0.0011948491872678,Wolverhampton Wanderers,2023
Nathan Holland,0.0005252044138507,West Ham United,2019
Nathan Patterson,0.003801758104009262,Everton,2023
Nathan Redmond,0.006263758934941922,Burnley,2023
Nathan Tella,0.0021609472450918746,Southampton,2021
Nathan Young-Coombes,0.0008152173913043,Brentford,2021
Nathaniel Chalobah,0.0010850590305763596,Fulham,2022
Nathaniel Clyne,0.004909742809561141,Crystal Palace,2023
Nathaniel Mendez-Laing,0.003385235649229,Cardiff,2018
Nathaniel Phillips,0.0029222172526535404,Liverpool,2022
Nayef Aguerd,0.005410942082470479,West Ham United,2023
Neal Maupay,0.010239523369676883,Brentford,2023
Neco Williams,0.004028760995328019,Nottingham Forest,2023
Neeskens Kebano,0.0018349115837196746,Fulham,2022
Neil Etheridge,0.048164084266921,Cardiff,2018
Neil Taylor,0.003437600417834851,Aston Villa,2020
Nemanja Matić,0.007073563725178241,Manchester United,2021
Neto,0.03584692005706246,Bournemouth,2023
Niall Huggins,0.0008571428571428,Leeds,2020
Nick Pope,0.03679071223406465,Newcastle United,2023
Nick Powell,0.0005142936727028,Manchester United,2015
Nicolas Jackson,0.0174426284139398,Chelsea,2023
Nicolas N'Koulou,0.0011402840012204,Watford,2021
Nicolas Pépé,0.006033829364896984,Arsenal,2021
Nicolás Domínguez,0.0037320753196553,Nottingham Forest,2023
Nicolás Otamendi,0.010357050492567818,Manchester City,2019
Nicolò Zaniolo,0.0021324114744456,Aston Villa,2023
Niels Nkounkou,0.000851194393062,Everton,2020
Nikica Jelavić,0.0086044772090219,West Ham United,2015
Nikola Vlašić,0.0016038706724305256,West Ham United,2021
Nolito,0.0050672287199224,Manchester City,2016
Noni Madueke,0.005556680208817302,Chelsea,2023
Nordin Amrabat,0.0034893235282299957,Watford,2017
Nuno Tavares,0.0025206846802994258,Nottingham Forest,2023
Nélson Semedo,0.008956151652156897,Wolverhampton Wanderers,2023
Obbi Oulare,0.0008522727272727,Watford,2015
Odeluga Offiah,0.0009677165789216504,Brighton and Hove Albion,2023
Odion Ighalo,0.004803163162903747,Manchester United,2020
Odsonne Édouard,0.008041705975958453,Crystal Palace,2023
Odysseas Vlachodimos,0.0089578350914891,Nottingham Forest,2023
Oghenekaro Etebo,0.0009510457590636,Watford,2021
Okay Yokuşlu,0.0030864708485923,West Brom,2020
Ola Aina,0.006274007778022287,Nottingham Forest,2023
Ola Toivonen,0.0015284276439827,Sunderland,2015
Oleksandr Zinchenko,0.007160215034283265,Arsenal,2023
Oliver Arblaster,0.0021539683998957,Sheffield Utd,2023
Oliver Burke,0.003273071028683193,Sheffield Utd,2020
Oliver McBurnie,0.006234720343984558,Sheffield Utd,2023
Oliver Norwood,0.005726112895450827,Sheffield Utd,2023
Oliver Skipp,0.0025109772318162504,Tottenham Hotspur,2023
Olivier Giroud,0.009435949633446237,Chelsea,2020
Ollie Watkins,0.02235980091708474,Aston Villa,2023
Omar Elabdellaoui,0.0029282856461625003,Hull City,2016
Omari Forson,0.0006552513872843001,Manchester United,2023
Omari Hutchinson,0.0004890321232769,Chelsea,2022
Omari Kellyman,0.000486522893548,Aston Villa,2023
Ondrej Duda,0.0027313761789305,Norwich,2019
Onel Hernández,0.0036313683279327,Norwich,2019
Orel Mangala,0.00297906578806559,Nottingham Forest,2023
Orestis Karnezis,0.0188912917018949,Watford,2017
Oriol Romeu,0.00532630104153488,Southampton,2022
Oscar,0.004452031127353687,Chelsea,2016
Oscar Bobb,0.0024176323040443998,Manchester City,2023
Oskar Buur,0.0007711487593165,Wolverhampton Wanderers,2020
Oumar Niasse,0.003225846403405647,Everton,2019
Ovie Ejaria,0.000509739072335,Liverpool,2016
Owen Beck,0.0007301554504466,Liverpool,2023
Owen Bevan,0.0007292194168144,Bournemouth,2022
Owen Otasowie,0.0018754286399275,Wolverhampton Wanderers,2020
Ozan Kabak,0.0033304249419824484,Norwich,2021
Ozan Tufan,0.0009101961512401999,Watford,2021
Pablo Fornals,0.005494224614578889,West Ham United,2023
Pablo Hernández,0.0023529937350721,Leeds,2020
Pablo Marí,0.002136104644088011,Arsenal,2021
Pablo Sarabia,0.01023284517713937,Wolverhampton Wanderers,2023
Pablo Zabaleta,0.005406213988467582,West Ham United,2019
Paddy McNair,0.0016470428811770916,Sunderland,2016
Pape Matar Sarr,0.0044251111670834,Tottenham Hotspur,2023
Pape Souaré,0.002435465546360879,Crystal Palace,2018
Papiss Demba Cissé,0.0084539051618013,Newcastle United,2015
Papy Djilobodji,0.0056888773227569,Sunderland,2016
Pascal Groß,0.01737743925943165,Brighton and Hove Albion,2023
Pascal Struijk,0.00871029259861921,Leeds,2022
Patrice Evra,0.0017924169668738,West Ham United,2017
Patrick Bamford,0.007989668982752192,Leeds,2022
Patrick Cutrone,0.0015239462704871335,Wolverhampton Wanderers,2020
Patrick Roberts,0.0005205691338587864,Norwich,2019
Patrick van Aanholt,0.008791815666610534,Crystal Palace,2020
Patson Daka,0.007763145786848912,Leicester City,2022
Pau Torres,0.0082112069904273,Aston Villa,2023
Paul Dummett,0.002844469285335921,Newcastle United,2023
Paul Onuachu,0.0017877945884254,Southampton,2022
Paul Pogba,0.00829379843425429,Manchester United,2021
Paul Robinson,0.0067584782726476,Burnley,2016
Paulo Gazzaniga,0.012556852242042674,Tottenham Hotspur,2019
Pedro,0.011479649811073139,Chelsea,2019
Pedro Chirivella,0.0005516336187843,Liverpool,2015
Pedro Neto,0.009389478515760134,Wolverhampton Wanderers,2023
Pedro Obiang,0.0030899663165866397,West Ham United,2018
Pedro Porro,0.009362951187824979,Tottenham Hotspur,2023
Pelly Ruddock Mpanzu,0.00168844861896,Luton,2023
Pepe Reina,0.0169321395400416,Aston Villa,2019
Per Mertesacker,0.0031262048443131455,Arsenal,2017
Percy Tau,0.0015142886769128,Brighton and Hove Albion,2020
Pervis Estupiñán,0.007795281347272955,Brighton and Hove Albion,2023
Peter Crouch,0.005455114575364388,Burnley,2018
Peter Odemwingie,0.0010151268842266,Stoke City,2015
Petr Čech,0.030752758784417054,Arsenal,2018
Phil Bardsley,0.004018753422568676,Burnley,2020
Phil Foden,0.01464818243556934,Manchester City,2023
Phil Jagielka,0.0038598237627304765,Sheffield Utd,2020
Phil Jones,0.0034102886810634175,Manchester United,2021
Philip Billing,0.005792161948605907,Bournemouth,2023
Philipp Wollscheid,0.0051882541315012316,Stoke City,2016
Philippe Coutinho,0.00540063889860255,Aston Villa,2023
Pierre Lees Melou,0.0063959912117818995,Norwich,2021
Pierre-Emerick Aubameyang,0.009563444938805761,Chelsea,2022
Pierre-Emile Højbjerg,0.009194673828395011,Tottenham Hotspur,2023
Pontus Jansson,0.006613218863610001,Brentford,2022
Przemysław Płacheta,0.0018421857783806,Norwich,2021
Rachid Ghezzal,0.0032686227366383,Leicester City,2018
Radamel Falcao,0.0018767859839491,Chelsea,2015
Radu Drăguşin,0.0022913817389941,Tottenham Hotspur,2023
Rafael Camacho,0.0005576208178438,Liverpool,2018
Ragnar Klavan,0.005803064870886258,Liverpool,2017
Raheem Sterling,0.018134774567983108,Chelsea,2023
Rajiv Van La Parra,0.0029022945456336864,Huddersfield,2018
Ralf Fährmann,0.0053442877442281,Norwich,2019
Ramadan Sobhi,0.002348491192096439,Huddersfield,2018
Ramires,0.00159191531462,Chelsea,2015
Ramiro Funes Mori,0.004660114386312696,Everton,2017
Raphaël Varane,0.005981573388421513,Manchester United,2023
Raphinha,0.013681524084214143,Leeds,2021
Rasmus Højlund,0.0133399284319598,Manchester United,2023
Rasmus Kristensen,0.0074770646608580005,Leeds,2022
Ravel Morrison,0.0005216242494285,Sheffield Utd,2019
Rayan Aït Nouri,0.005608536295497419,Wolverhampton Wanderers,2023
Raúl Jiménez,0.01116649481271244,Fulham,2023
Reda Khadra,0.0005105695940846,Brighton and Hove Albion,2020
Reece Burke,0.0054309915546997,Luton,2023
Reece James,0.007449652169869605,Chelsea,2023
Reece Oxford,0.0010978567907737682,West Ham United,2017
Rees Greenwood,0.0005947281362046,Sunderland,2015
Reiss Nelson,0.0020479683372664403,Arsenal,2023
Rekeem Harper,0.0005312416575615987,West Brom,2020
Remi Matthews,0.0042142994781914,Crystal Palace,2023
Remo Freuler,0.0053449765206847,Nottingham Forest,2022
Renan Lodi,0.0067386182171394,Nottingham Forest,2022
Renato Sanches,0.0024036046382029,Swansea,2017
Rhian Brewster,0.0022437663512495805,Sheffield Utd,2023
Rhys Healey,0.0011217399173732,Cardiff,2018
Rhys Norrington-Davies,0.0008492479149465,Sheffield Utd,2023
Rhys Williams,0.0029713039170933,Liverpool,2020
Ricardo Pereira,0.005900249006553208,Leicester City,2022
Richairo Zivkovic,0.0021653569441881,Sheffield Utd,2019
Richarlison,0.011196786986409848,Tottenham Hotspur,2023
Rickie Lambert,0.0025443907388839637,West Brom,2016
Rico Henry,0.00566929834033722,Brentford,2023
Rico Lewis,0.00434607838582513,Manchester City,2023
Ritchie De Laet,0.002723925710277,Leicester City,2015
Riyad Mahrez,0.017287555971689485,Manchester City,2022
Rob Holding,0.004132000897980709,Arsenal,2022
Robbie Brady,0.002723612483564639,Burnley,2020
Robert Elliot,0.0229024159964416,Newcastle United,2017
Robert Huth,0.007087884436144636,Leicester City,2016
Robert Sanchez,0.0351823041429723,Brighton and Hove Albion,2020
Robert Snodgrass,0.005185438039948478,West Brom,2020
Robert Sánchez,0.029028047636110745,Chelsea,2023
Roberto Firmino,0.015812134297809977,Liverpool,2022
Roberto Jiménez,0.0129448281635004,West Ham United,2019
Roberto Pereyra,0.005966636936680787,Watford,2019
Robin Koch,0.007469832007482089,Leeds,2022
Robin Olsen,0.008282243678948153,Aston Villa,2023
Rodri,0.01859624888545505,Manchester City,2023
Rodrigo,0.00955523519727098,Leeds,2022
Rodrigo Bentancur,0.004062200713193218,Tottenham Hotspur,2023
Rodrigo Muniz,0.0125749161924552,Fulham,2023
Rodrigo Ribeiro,0.0011519755684403,Nottingham Forest,2023
Rolando Aarons,0.001912399786880183,Newcastle United,2017
Romain Faivre,0.0004846783346368,Bournemouth,2023
Romain Perraud,0.005259107340930728,Southampton,2022
Romain Saïss,0.009442889884994882,Wolverhampton Wanderers,2021
Romaine Sawyers,0.0030384285773366,West Brom,2020
Romelu Lukaku,0.019014045218841757,Chelsea,2021
Roméo Lavia,0.0025482514795740086,Chelsea,2023
Ron-Robert Zieler,0.0120438353867051,Leicester City,2016
Roque Mesa,0.0021528342813161,Swansea,2017
Ross Barkley,0.006761769216464018,Luton,2023
Ruben Loftus-Cheek,0.004576121846528854,Chelsea,2022
Rudy Gestede,0.005867205402925361,Middlesbrough,2016
Rui Patrício,0.04812566281564713,Wolverhampton Wanderers,2020
Rushian Hepburn-Murphy,0.0009350223009838,Aston Villa,2015
Russell Martin,0.0079374813157579,Norwich,2015
Ryan Allsop,0.00401802932913823,Bournemouth,2016
Ryan Babel,0.0090810547321379,Fulham,2018
Ryan Bennett,0.005804123843589626,Leicester City,2019
Ryan Bertrand,0.007002543022591156,Leicester City,2021
Ryan Christie,0.007893126191476597,Bournemouth,2023
Ryan Fraser,0.0075383597744186496,Newcastle United,2022
Ryan Fredericks,0.002856178186489571,Bournemouth,2022
Ryan Giles,0.0019106329474584,Luton,2023
Ryan Gravenberch,0.0033355615057976996,Liverpool,2023
Ryan Mason,0.001922322978810258,Hull City,2016
Ryan One,0.00047996762448840005,Sheffield Utd,2023
Ryan Sessegnon,0.003558345354906844,Tottenham Hotspur,2022
Ryan Shawcross,0.0068890304937033135,Stoke City,2017
Ryan Yates,0.0030395341292441,Nottingham Forest,2023
Rúben Dias,0.010573402591209171,Manchester City,2023
Rúben Neves,0.010975216585098205,Wolverhampton Wanderers,2022
Rúben Vinagre,0.0015883999679224931,Everton,2022
Rúnar Alex Rúnarsson,0.0040798285604049,Arsenal,2020
Sadio Mané,0.02353847849387804,Liverpool,2021
Saido Berahino,0.004638207168406173,Stoke City,2017
Salomón Rondón,0.0070390508831540514,Everton,2022
Sam Baldock,0.0008379888268156,Brighton and Hove Albion,2017
Sam Byram,0.0037903098414036737,Norwich,2021
Sam Clucas,0.007435847612770846,Swansea,2017
Sam Curtis,0.0007500676115025,Sheffield Utd,2023
Sam Gallagher,0.0009146341463414,Southampton,2018
Sam Greenwood,0.0031745339937481365,Leeds,2022
Sam Johnstone,0.025773102117527858,Crystal Palace,2023
Sam McQueen,0.002085254122090303,Southampton,2017
Sam Surridge,0.0010700290654406374,Nottingham Forest,2022
Sam Vokes,0.005877151884063709,Burnley,2018
Saman Ghoddos,0.002707371260421359,Brentford,2023
Samir,0.0058110717101254,Watford,2021
Samir Nasri,0.0016357996022030965,West Ham United,2018
Samuel Amo-Ameyaw,0.0008194743451303,Southampton,2022
Samuel Edozie,0.0026076105920691,Southampton,2022
Samuel Field,0.0007370176978015752,West Brom,2020
Samuel Kalu,0.0009884751866267,Watford,2021
Sander Berge,0.005489109875522864,Burnley,2023
Sandro,0.0008441456219367,West Brom,2015
Sandro Ramírez,0.0008422035153693,Everton,2017
Sandro Tonali,0.0019374962164261003,Newcastle United,2023
Santi Cazorla,0.004911400788941789,Arsenal,2016
Santiago Bueno,0.0029008915106850004,Wolverhampton Wanderers,2023
Saïd Benrahma,0.0067812251681637625,West Ham United,2023
Saúl Ñíguez,0.0019098991576756003,Chelsea,2021
Saša Kalajdžić,0.00142993507646083,Wolverhampton Wanderers,2023
Saša Lukić,0.001979720451914414,Fulham,2023
Scott Arfield,0.005214967352051395,Burnley,2017
Scott Carson,0.005168313905341601,Manchester City,2020
Scott Dann,0.0044641129714979785,Crystal Palace,2020
Scott Malone,0.0044174556532895,Huddersfield,2017
Scott McKenna,0.0030332513080469463,Nottingham Forest,2023
Scott McTominay,0.00404362751695806,Manchester United,2023
Scott Sinclair,0.0040170566677846,Aston Villa,2015
Sead Kolašinac,0.004278782700908614,Arsenal,2021
Sean Longstaff,0.005332312229453237,Newcastle United,2023
Sean Morrison,0.0071408743604513,Cardiff,2018
Sebastian Larsson,0.0023754308395515693,Sunderland,2016
Sebastian Prödl,0.003270882116537784,Watford,2019
Sebastien Bassong,0.0072367306224014,Norwich,2015
Sebastien Pocognoli,0.0008215793800847,West Brom,2015
Sebastián Coates,0.0045433575747568,Sunderland,2015
Semi Ajayi,0.0080763020031958,West Brom,2020
Serge Aurier,0.005942787168234292,Nottingham Forest,2023
Serge Gnabry,0.000517712037069,West Brom,2015
Sergi Canos,0.0005138014894525,Liverpool,2015
Sergi Canós,0.0025840228798025854,Brentford,2022
Sergio Agüero,0.018016989630364275,Manchester City,2020
Sergio Gómez,0.0014716866908572781,Manchester City,2023
Sergio Reguilón,0.006611769772592719,Brentford,2023
Sergio Rico,0.0370796192877318,Fulham,2018
Sergio Romero,0.0069492626619756265,Manchester United,2017
Seydou Doumbia,0.0011297246067109,Newcastle United,2015
Shandon Baptiste,0.00133852333273108,Brentford,2023
Shane Duffy,0.0043147387596755805,Fulham,2022
Shane Long,0.005434711224964982,Southampton,2021
Shaun MacDonald,0.00053605667721,Bournemouth,2015
Shaun Maloney,0.0008680867550384001,Hull City,2016
Shay Given,0.0076883936694034745,Stoke City,2016
Shea Charles,0.0005004287230101,Manchester City,2022
Sheyi Ojo,0.0038264042806209,Liverpool,2015
Shinji Okazaki,0.005469774619257463,Leicester City,2018
Shkodran Mustafi,0.006347796046761796,Arsenal,2020
Shola Shoretire,0.000833573345459705,Manchester United,2021
Sidnei Tavares,0.0006033283539538,Leicester City,2020
Siem de Jong,0.0016917573631176001,Newcastle United,2015
Simon Adingra,0.0081838308020774,Brighton and Hove Albion,2023
Simon Francis,0.006823977771592801,Bournemouth,2019
Simon Mignolet,0.03226506140252676,Liverpool,2017
Simon Moore,0.006192665681420701,Sheffield Utd,2019
Simone Zaza,0.0019122347706404,West Ham United,2016
Siriki Dembélé,0.000669934087476,Bournemouth,2022
Sofiane Boufal,0.004335533018778407,Southampton,2019
Sofiane Feghouli,0.0040991821650593,West Ham United,2016
Sofyan Amrabat,0.003563161561935,Manchester United,2023
Sokratis,0.007381050609206091,Arsenal,2019
Sol Bamba,0.008501783218023999,Cardiff,2018
Solly March,0.007060217988784091,Brighton and Hove Albion,2023
Sonny Perkins,0.0005211973684599,West Ham United,2021
Stefan Bajčetić,0.0013958324419686009,Liverpool,2023
Stefan Johansen,0.0009789205377664,Fulham,2018
Stefan Ortega,0.01096493020273734,Manchester City,2023
Stefano Okaka,0.0027093321945896994,Watford,2018
Stephan Lichtsteiner,0.003440117073794,Arsenal,2018
Stephen Ireland,0.0007053569792256746,Stoke City,2017
Stephen Kingsley,0.0024975416214372817,Swansea,2016
Stephen Ward,0.005578899757687297,Burnley,2018
Steve Cook,0.006962516466722086,Nottingham Forest,2022
Steve Mandanda,0.013926999749442,Crystal Palace,2016
Steve Mounié,0.010094521392517349,Huddersfield,2018
Steve Sidwell,0.0005142791470175,Stoke City,2015
Steven Alzate,0.002850138330582501,Brighton and Hove Albion,2021
Steven Berghuis,0.0019862013810742,Watford,2015
Steven Bergwijn,0.0040231528828325565,Tottenham Hotspur,2021
Steven Caulker,0.0011695035779494,Liverpool,2015
Steven Davis,0.005683337023123413,Southampton,2018
Steven Defour,0.0033734583474149694,Burnley,2018
Steven Fletcher,0.0058346062277805,Sunderland,2015
Steven Naismith,0.0071944446526956,Norwich,2015
Steven Pienaar,0.0015476892147377615,Sunderland,2016
Steven Taylor,0.0030435153313478,Newcastle United,2015
Steven Whittaker,0.0023562473683297,Norwich,2015
Stewart Downing,0.0107497931010288,Middlesbrough,2016
Stuart Armstrong,0.0056142805981201915,Southampton,2022
Stuart Dallas,0.012052877919158782,Leeds,2021
Stuart McKinstry,0.000522443317473,Leeds,2021
Stéphane Sessègnon,0.0047936625008408,West Brom,2015
Sullay Kaikai,0.0005463944432074344,Crystal Palace,2017
Sung-Yueng Ki,0.003418206220358664,Newcastle United,2019
Sven Botman,0.008176242980081874,Newcastle United,2023
Sydie Peck,0.0004795103489623,Sheffield Utd,2023
Sylvain Distin,0.0037095187131034,Bournemouth,2015
Séamus Coleman,0.00572248053064152,Everton,2023
Sébastien Haller,0.008085818102748964,West Ham United,2020
Sékou Mara,0.0028790919589080995,Southampton,2022
Tahith Chong,0.0030578049800373992,Luton,2023
Taiwo Awoniyi,0.009182538399778981,Nottingham Forest,2023
Takehiro Tomiyasu,0.004565610422235336,Arsenal,2023
Takumi Minamino,0.0023998238126122858,Liverpool,2021
Tammy Abraham,0.008201554121592052,Chelsea,2020
Tanguy Ndombélé,0.004160164940125966,Tottenham Hotspur,2021
Tariq Lamptey,0.0036678262646449513,Brighton and Hove Albion,2023
Tariqe Fosu-Henry,0.0005238820969436,Brentford,2021
Tawanda Chirewa,0.0012815779835904,Wolverhampton Wanderers,2023
Taylor Richards,0.0005457568324164,Brighton and Hove Albion,2021
Teden Mengi,0.0093201075356892,Luton,2023
Teemu Pukki,0.014252528886721032,Norwich,2021
Terence Kongolo,0.004368586032965507,Fulham,2020
Tetê,0.0022298391396109,Leicester City,2022
Thakgalo Khanya Leshabela,0.0005125573036555,Leicester City,2020
Theo Corbeanu,0.0010116225894288,Wolverhampton Wanderers,2020
Theo Walcott,0.005401130354152125,Southampton,2022
Thiago Alcántara,0.0038198941037066,Liverpool,2020
Thiago Alcântara,0.005197631181231581,Liverpool,2023
Thiago Silva,0.011241259245508227,Chelsea,2023
Thibaut Courtois,0.03837665279748,Chelsea,2017
Thilo Kehrer,0.0034062587974411284,West Ham United,2023
Thomas Cannon,0.0008114180066781109,Everton,2023
Thomas Doyle,0.0005362608949872,Manchester City,2019
Thomas Ince,0.0047353406537673,Huddersfield,2017
Thomas Kaminski,0.0444543196223699,Luton,2023
Thomas Partey,0.0068124036522753725,Arsenal,2023
Thomas Robson,0.001125754082322,Sunderland,2015
Thomas Strakosha,0.005860471864169,Brentford,2023
Tiemoué Bakayoko,0.0068540243658381,Chelsea,2017
Tim Howard,0.031899462892686,Everton,2015
Tim Iroegbunam,0.0005590294021738917,Aston Villa,2023
Tim Krul,0.03416869434325805,Norwich,2021
Tim Ream,0.006968614548171042,Fulham,2023
Timm Klose,0.0028219340385400786,Norwich,2019
Timo Werner,0.009443508134280841,Tottenham Hotspur,2023
Timothy Castagne,0.009539335782172469,Fulham,2023
Timothy Fosu-Mensah,0.002201446918116284,Manchester United,2020
Toby Alderweireld,0.008936941014232147,Tottenham Hotspur,2020
Todd Cantwell,0.0029763357666668716,Norwich,2021
Tokelo Rantie,0.0010745973549184,Bournemouth,2015
Tom Cairney,0.004860423577863021,Fulham,2023
Tom Carroll,0.006365879083941432,Swansea,2017
Tom Cleverley,0.0043805608221705915,Watford,2021
Tom Davies,0.001793723993055582,Sheffield Utd,2023
Tom Edwards,0.0024376715981587,Stoke City,2017
Tom Heaton,0.02353548213172946,Aston Villa,2019
Tom Huddlestone,0.004673513689621,Hull City,2016
Tom Lockyer,0.0042268503957223,Luton,2023
Tom Trybull,0.0023382530378542,Norwich,2019
Tomer Hemed,0.0036583321381619,Brighton and Hove Albion,2017
Tommy Doyle,0.0048184149648175,Wolverhampton Wanderers,2023
Tommy Elphick,0.0038599074815296,Bournemouth,2015
Tommy Smith,0.004709466836846022,Huddersfield,2018
Tomáš Souček,0.0056341563029296444,West Ham United,2023
Tony Hibbert,0.0008917211069985,Everton,2015
Tony Springett,0.0006579914550075,Norwich,2021
Tosin Adarabioyo,0.00763456818739896,Fulham,2023
Toti Gomes,0.005410532713039405,Wolverhampton Wanderers,2023
Trent Alexander-Arnold,0.010335714144048139,Liverpool,2023
Trevoh Chalobah,0.005824216687992646,Chelsea,2023
Trezeguet,0.003725733978699232,Aston Villa,2021
Troy Deeney,0.012000018261720154,Watford,2021
Troy Parrott,0.0010689828447216,Tottenham Hotspur,2019
Tyias Browning,0.0014161773637122,Everton,2015
Tyler Adams,0.0034220487276562187,Bournemouth,2023
Tyler Morton,0.0005485010072087,Liverpool,2021
Tyler Onyango,0.0004962803965956605,Everton,2023
Tyler Roberts,0.004329036134937358,Leeds,2021
Tyreke Johnson,0.0009146341463414,Southampton,2018
Tyrell Malacia,0.0058244488846213,Manchester United,2022
Tyrese Campbell,0.0008379888268156,Stoke City,2017
Tyrese Francois,0.0004870145847617574,Fulham,2022
Tyrick Mitchell,0.008366213842977543,Crystal Palace,2023
Tyrone Mings,0.006266722085682063,Aston Villa,2023
Uwe Hünemeier,0.0007904532388524001,Brighton and Hove Albion,2017
Vadis Odjidja-Ofoe,0.0013674896573675,Norwich,2015
Valentino Lazaro,0.0018656842683011001,Newcastle United,2019
Valentino Livramento,0.004470720937993762,Newcastle United,2023
Valentín Barco,0.0020258697298752,Brighton and Hove Albion,2023
Valon Behrami,0.0033837072982501365,Watford,2016
Vicente Guaita,0.03663489252398078,Crystal Palace,2022
Vicente Iborra,0.002417379571865863,Leicester City,2018
Victor Anichebe,0.004127971614836355,Sunderland,2016
Victor Kristiansen,0.0038124539362606002,Leicester City,2022
Victor Lindelöf,0.007030811198187337,Manchester United,2023
Victor Moses,0.0043311377301465635,Chelsea,2018
Victor Wanyama,0.003543076955978233,Tottenham Hotspur,2019
Viktor Fischer,0.0042514800523828,Middlesbrough,2016
Vincent Janssen,0.0022433582495859036,Tottenham Hotspur,2018
Vincent Kompany,0.005641438805232119,Manchester City,2018
Vinícius Souza,0.0046146855930926,Sheffield Utd,2023
Virgil van Dijk,0.010935686467802904,Liverpool,2023
Vitaliy Mykolenko,0.007813712891880906,Everton,2023
Vitaly Janelt,0.007448717380152259,Brentford,2023
Vitinha,0.0025747192206494,Wolverhampton Wanderers,2020
Vitinho,0.006487476694619299,Burnley,2023
Vito Mannone,0.018107049473096416,Sunderland,2016
Vladimír Coufal,0.008809355315427307,West Ham United,2023
Vurnon Anita,0.0053718742543504006,Newcastle United,2015
Víctor Camarasa,0.003837453978354646,Crystal Palace,2019
Víctor Ibarbo,0.0015385302242177002,Watford,2015
Víctor Valdés,0.0354394083247036,Middlesbrough,2016
Wahbi Khazri,0.003700703212736006,Sunderland,2016
Wataru Endo,0.006022943739669799,Liverpool,2023
Wayne Hennessey,0.014695267188056903,Nottingham Forest,2022
Wayne Rooney,0.01417462496951389,Everton,2017
Wayne Routledge,0.005153901749172735,Swansea,2017
Wes Brown,0.0018436829093829,Sunderland,2015
Wes Foderingham,0.0078321342430082,Sheffield Utd,2023
Wes Morgan,0.004351586338089766,Leicester City,2020
Wesley,0.002232172659372039,Aston Villa,2020
Wesley Foderingham,0.0318603802379178,Sheffield Utd,2023
Wesley Fofana,0.006439976885620507,Chelsea,2022
Wesley Hoedt,0.006975244370835854,Southampton,2018
Wesley Hoolahan,0.013132049632311401,Norwich,2015
Wesley Moraes,0.0008152173913043,Aston Villa,2021
Weston McKennie,0.0031696580884921,Leeds,2022
Wilfred Ndidi,0.006601634156108376,Leicester City,2022
Wilfried Bony,0.00590106593073416,Swansea,2017
Wilfried Gnonto,0.0051048668908238,Leeds,2022
Wilfried Zaha,0.014955767943607487,Crystal Palace,2022
Will Hughes,0.004416426959368783,Crystal Palace,2023
Will Keane,0.0013666788139059377,Hull City,2016
Will Norris,0.005079246127288528,Burnley,2020
Will Smallbone,0.0013925858860537603,Southampton,2021
William Fish,0.0007362958454209,Manchester United,2020
William Osula,0.0013996551976732,Sheffield Utd,2023
William Saliba,0.011273398252037362,Arsenal,2023
William Troost-Ekong,0.0041891333247698,Watford,2021
Willian,0.012806944342837873,Fulham,2023
Willian José,0.0055742773812073,Wolverhampton Wanderers,2020
Willy Boly,0.005911619721355954,Nottingham Forest,2023
Willy Caballero,0.007722490328438694,Southampton,2021
Willy Kambwala,0.0015935909977705,Manchester United,2023
Wilson Odobert,0.0080910357959939,Burnley,2023
Winston Reid,0.007173572486788638,West Ham United,2017
Wout Faes,0.0103198562834255,Leicester City,2022
Wout Weghorst,0.006405748758751347,Manchester United,2022
Xande Silva,0.0009311809594047998,West Ham United,2018
Xherdan Shaqiri,0.00696766315874653,Liverpool,2020
Yan Valery,0.0018128222881655602,Southampton,2022
Yann Kermorgant,0.001325744392813,Bournemouth,2015
Yann M'Vila,0.0100056061460654,Sunderland,2015
Yannick Bolasie,0.005909610219873093,Everton,2017
Yasin Ayari,0.0005423124573981,Brighton and Hove Albion,2022
Yasser Larouci,0.0017479605742583,Sheffield Utd,2023
Yaya Touré,0.0068849112311635055,Manchester City,2017
Yehor Yarmoliuk,0.0012510361468804,Brentford,2023
Yerry Mina,0.004216328585740438,Everton,2022
Yoan Gouffran,0.0015273032624503,Newcastle United,2015
Yoane Wissa,0.008845008174360083,Brentford,2023
Yohan Benalouane,0.0016053757810773916,Leicester City,2017
Yohan Cabaye,0.00835569643259701,Crystal Palace,2017
Yoshinori Muto,0.0021249516109003,Newcastle United,2019
Younès Kaboul,0.004380243220548801,Watford,2017
Youri Tielemans,0.010126889416136738,Aston Villa,2023
Youssef Chermiti,0.0024704116292395,Everton,2023
Youssouf Mulumbu,0.0010441962054743,Norwich,2015
Yves Bissouma,0.005594518836037346,Tottenham Hotspur,2023
Zack Nelson,0.0004799182712182,Luton,2023
Zack Steffen,0.004611550792286885,Manchester City,2021
Zanka,0.004666296937873952,Brentford,2023
Zeki Amdouni,0.0086323272727474,Burnley,2023
Zeki Fryers,0.0010336325831714,Crystal Palace,2016
Zlatan Ibrahimović,0.014056802775844549,Manchester United,2017
Àngel Rangel,0.00362394893357731,Swansea,2017
Ádám Bogdán,0.0054046451986128,Liverpool,2015
Álex Moreno,0.003987153715692333,Aston Villa,2023
Álvaro Arbeloa,0.0016095342682957998,West Ham United,2016
Álvaro Fernández,0.0162139629514692,Brentford,2021
Álvaro Morata,0.009447031693520961,Chelsea,2018
Álvaro Negredo,0.0126324453373003,Middlesbrough,2016
Çağlar Söyüncü,0.0066697863975986186,Leicester City,2022
Éder,0.0025198425130525,Swansea,2015
Érik Lamela,0.004791099882984688,Tottenham Hotspur,2020
Étienne Capoue,0.007224904780342764,Watford,2019
Ørjan Nyland,0.013045024819478298,Aston Villa,2019
Đorđe Petrović,0.0281733054247627,Chelsea,2023
İlkay Gündoğan,0.012505607306923195,Manchester City,2022
Łukasz Fabiański,0.03549354019855815,West Ham United,2023
